,,,Premature death,,,,,,,,,,,,,,,,,,,,,,,,,,Poor or fair health,,,,Poor physical health days,,,,Poor mental health days,,,,Low birthweight,,,,,,,,,,,,,,,,,,,,Adult smoking,,,,Adult obesity,,,,Food environment index,,Physical inactivity,,,,Access to exercise opportunities,,Excessive drinking,,,,Alcohol-impaired driving deaths,,,,,,Sexually transmitted infections,,,Teen births,,,,,,,,,,,,,,,,,,,Uninsured,,,,,Primary care physicians,,,,Dentists,,,,Mental health providers,,,,Preventable hospital stays,,,,,,,Mammography screening,,,,,,,Flu vaccinations,,,,,,,High school completion,,,,,,Some college,,,,,,Unemployment,,,,Children in poverty,,,,,,,,,Income inequality,,,,Children in single-parent households,,,,,,Social associations,,,Violent crime,,,Injury deaths,,,,,,,,,,,,,,,,,,,,Air pollution - particulate matter,,Drinking water violations,,Severe housing problems,,,,,,,,,,,,,Driving alone to work,,,,,,,,,,,,,,,,,,,Long commute - driving alone,,,,
FIPS,State,County,Unreliable,Deaths,Years of Potential Life Lost Rate,95% CI - Low,95% CI - High,Z-Score,YPLL Rate (AIAN),YPLL Rate (AIAN) 95% CI - Low,YPLL Rate (AIAN) 95% CI - High,YPLL Rate (AIAN) Unreliable,YPLL Rate (Asian),YPLL Rate (Asian) 95% CI - Low,YPLL Rate (Asian) 95% CI - High,YPLL Rate (Asian) Unreliable,YPLL Rate (Black),YPLL Rate (Black) 95% CI - Low,YPLL Rate (Black) 95% CI - High,YPLL Rate (Black) Unreliable,YPLL Rate (Hispanic),YPLL Rate (Hispanic) 95% CI - Low,YPLL Rate (Hispanic) 95% CI - High,YPLL Rate (Hispanic) Unreliable,YPLL Rate (white),YPLL Rate (white) 95% CI - Low,YPLL Rate (white) 95% CI - High,YPLL Rate (white) Unreliable,% Fair or Poor Health,95% CI - Low,95% CI - High,Z-Score,Average Number of Physically Unhealthy Days,95% CI - Low,95% CI - High,Z-Score,Average Number of Mentally Unhealthy Days,95% CI - Low,95% CI - High,Z-Score,Unreliable,% Low birthweight,95% CI - Low,95% CI - High,Z-Score,% LBW (AIAN),% LBW (AIAN) 95% CI - Low,% LBW (AIAN) 95% CI - High,% LBW (Asian),% LBW (Asian) 95% CI - Low,% LBW (Asian) 95% CI - High,% LBW (Black),% LBW (Black) 95% CI - Low,% LBW (Black) 95% CI - High,% LBW (Hispanic),% LBW (Hispanic) 95% CI - Low,% LBW (Hispanic) 95% CI - High,% LBW (white),% LBW (white) 95% CI - Low,% LBW (white) 95% CI - High,% Smokers,95% CI - Low,95% CI - High,Z-Score,% Adults with Obesity,95% CI - Low,95% CI - High,Z-Score,Food Environment Index,Z-Score,% Physically Inactive,95% CI - Low,95% CI - High,Z-Score,% With Access to Exercise Opportunities,Z-Score,% Excessive Drinking,95% CI - Low,95% CI - High,Z-Score,# Alcohol-Impaired Driving Deaths,# Driving Deaths,% Driving Deaths with Alcohol Involvement,95% CI - Low,95% CI - High,Z-Score,# Chlamydia Cases,Chlamydia Rate,Z-Score,Teen Birth Rate,95% CI - Low,95% CI - High,Z-Score,Teen Birth Rate (AIAN),Teen Birth Rate (AIAN) 95% CI - Low,Teen Birth Rate (AIAN) 95% CI - High,Teen Birth Rate (Asian),Teen Birth Rate (Asian) 95% CI - Low,Teen Birth Rate (Asian) 95% CI - High,Teen Birth Rate (Black),Teen Birth Rate (Black) 95% CI - Low,Teen Birth Rate (Black) 95% CI - High,Teen Birth Rate (Hispanic),Teen Birth Rate (Hispanic) 95% CI - Low,Teen Birth Rate (Hispanic) 95% CI - High,Teen Birth Rate (white),Teen Birth Rate (white) 95% CI - Low,Teen Birth Rate (white) 95% CI - High,# Uninsured,% Uninsured,95% CI - Low,95% CI - High,Z-Score,# Primary Care Physicians,Primary Care Physicians Rate,Primary Care Physicians Ratio,Z-Score,# Dentists,Dentist Rate,Dentist Ratio,Z-Score,# Mental Health Providers,Mental Health Provider Rate,Mental Health Provider Ratio,Z-Score,Preventable Hospitalization Rate,Z-Score,Preventable Hosp. Rate (AIAN),Preventable Hosp. Rate (Asian),Preventable Hosp. Rate (Black),Preventable Hosp. Rate (Hispanic),Preventable Hosp. Rate (white),% With Annual Mammogram,Z-Score,% Screened (AIAN),% Screened (Asian),% Screened (Black),% Screened (Hispanic),% Screened (white),% Vaccinated,Z-Score,% Vaccinated (AIAN),% Vaccinated (Asian),% Vaccinated (Black),% Vaccinated (Hispanic),% Vaccinated (white),# Completed High School,Population,% Completed High School,95% CI - Low,95% CI - High,Z-Score,# Some College,Population,% Some College,95% CI - Low,95% CI - High,Z-Score,# Unemployed,Labor Force,% Unemployed,Z-Score,% Children in Poverty,95% CI - Low,95% CI - High,Z-Score,% Children in Poverty (AIAN),% Children in Poverty (Asian),% Children in Poverty (Black),% Children in Poverty (Hispanic),% Children in Poverty (white),80th Percentile Income,20th Percentile Income,Income Ratio,Z-Score,# Children in Single-Parent Households,# Children in Households,% Children in Single-Parent Households,95% CI - Low,95% CI - High,Z-Score,# Associations,Social Association Rate,Z-Score,Annual Average Violent Crimes,Violent Crime Rate,Z-Score,# Injury Deaths,Injury Death Rate,95% CI - Low,95% CI - High,Z-Score,Injury Death Rate (AIAN),Injury Death Rate (AIAN) 95% CI - Low,Injury Death Rate (AIAN) 95% CI - High,Injury Death Rate (Asian),Injury Death Rate (Asian) 95% CI - Low,Injury Death Rate (Asian) 95% CI - High,Injury Death Rate (Black),Injury Death Rate (Black) 95% CI - Low,Injury Death Rate (Black) 95% CI - High,Injury Death Rate (Hispanic),Injury Death Rate (Hispanic) 95% CI - Low,Injury Death Rate (Hispanic) 95% CI - High,Injury Death Rate (white),Injury Death Rate (white) 95% CI - Low,Injury Death Rate (white) 95% CI - High,Average Daily PM2.5,Z-Score,Presence of Water Violation,Z-Score,% Severe Housing Problems,95% CI - Low,95% CI - High,Severe Housing Cost Burden,Severe Housing Cost Burden 95% CI - Low,Severe Housing Cost Burden 95% CI - High,Overcrowding,Overcrowding 95% CI - Low,Overcrowding 95% CI - High,Inadequate Facilities,Inadequate Facilities 95% CI - Low,Inadequate Facilities 95% CI - High,Z-Score,% Drive Alone to Work,95% CI - Low,95% CI - High,Z-Score,% Drive Alone (AIAN),% Drive Alone (AIAN) 95% CI - Low,% Drive Alone (AIAN) 95% CI - High,% Drive Alone (Asian),% Drive Alone (Asian) 95% CI - Low,% Drive Alone (Asian) 95% CI - High,% Drive Alone (Black),% Drive Alone (Black) 95% CI - Low,% Drive Alone (Black) 95% CI - High,% Drive Alone (Hispanic),% Drive Alone (Hispanic) 95% CI - Low,% Drive Alone (Hispanic) 95% CI - High,% Drive Alone (white),% Drive Alone (white) 95% CI - Low,% Drive Alone (white) 95% CI - High,# Workers who Drive Alone,% Long Commute - Drives Alone,95% CI - Low,95% CI - High,Z-Score
17000,Illinois,,,155530,7066,7013,7119,,3587,2738,4436,,2736,2601,2870,,13976,13780,14171,,5226,5122,5329,,6292,6228,6357,,17,16,18,,3.6,3.4,3.8,,4.2,3.9,4.5,,,8,8,8,,8,7,10,9,9,9,14,14,14,7,7,7,7,7,7,15,14,16,,32,30,33,,8.6,,25,24,27,,87,,23,22,24,,1557,5402,29,28,29,,81012,639.3,,18,18,18,,9,7,11,2,2,2,36,35,36,25,24,25,11,10,11,907738,9,8,9,,10295,81,1231:1,,10307,82,1221:1,,33822,269,372:1,,4447,,6281,2517,7612,4216,4077,44,,38,37,40,35,45,49,,44,53,34,41,51,7788362,8686700,90,90,90,,2401521,3402529,71,70,71,,591615,6249150,9.5,,14,13,14,,14,9,36,20,9,136273,27311,5.0,,710917,2849148,25,25,25,,12529,9.9,,51759,403,,44389,70,69,70,,33,24,44,19,18,21,120,118,122,39,38,40,71,70,72,9.4,,,,17,16,17,14,14,14,3,2,3,1,1,1,,72,71,72,,68,64,72,61,60,62,64,64,65,69,68,69,75,74,75,6129176,42,41,42,
17001,Illinois,Adams,,936,7530,6765,8295,-0.20,,,,,,,,,14974,10543,20640,,,,,,7343,6551,8135,,17,14,19,-0.77,3.9,3.6,4.1,-0.40,4.7,4.4,5.1,-0.06,,8,7,9,0.08,,,,,,,14,10,17,,,,8,7,8,19,16,22,-0.13,33,31,35,-1.21,8.4,-0.55,26,23,29,-0.94,74,-0.79,22,21,24,-0.23,3,29,10,3,21,-1.42,282,431.0,0.23,23,21,26,0.05,,,,,,,41,30,56,32,16,57,22,19,24,3118,6,5,7,-0.86,64,98,1022:1,-1.74,54,83,1200:1,-1.23,186,287,348:1,-0.55,5354,0.90,,,8055,,5333,54,-2.36,,,55,43,54,44,-0.01,,25,36,33,44,42281,45862,92,91,93,-0.64,10406,15599,67,62,71,-0.46,1972,31259,6.3,-0.99,13,8,18,-0.38,,16,46,1,15,104397,24700,4.2,-0.34,2785,14839,19,15,22,-0.47,99,15.1,-0.13,229,346,0.54,258,78,69,88,-0.19,,,,,,,101,58,164,,,,79,69,89,9.3,-0.40,No,-0.57,11,10,13,9,8,11,1,1,2,1,1,2,0.01,84,82,86,0.40,,,,,,,74,54,94,83,72,95,85,83,87,32388,16,14,18,-1.63
17003,Illinois,Alexander,,160,15550,11218,19882,3.00,,,,,,,,,,,,,,,,,,,,,24,22,26,2.87,4.8,4.5,5.0,2.21,5.3,5.0,5.5,1.61,,9,7,12,1.09,,,,,,,11,7,15,,,,8,5,11,24,21,26,1.71,41,40,43,2.38,4.8,3.00,34,31,36,2.77,48,0.42,20,19,21,-2.46,2,12,17,4,34,-0.95,46,798.5,1.92,50,38,65,3.00,,,,,,,60,40,87,,,,43,29,62,336,8,6,9,0.52,1,17,5761:1,1.03,4,73,1374:1,-0.86,27,491,204:1,-1.82,3549,-0.80,,,3204,,3479,41,0.70,,,44,,40,38,0.77,,,23,,42,3678,4288,86,82,89,1.47,527,1172,45,34,56,2.29,188,1918,9.8,1.36,37,22,51,3.00,,,62,,24,66258,15855,4.2,-0.42,674,1359,50,37,62,3.00,9,15.6,-0.23,92,1316,3.00,36,120,84,166,2.15,,,,,,,109,54,195,,,,130,84,192,9.5,-0.01,No,-0.57,17,13,21,16,11,20,2,0,3,1,0,1,1.88,82,74,90,-0.02,,,,,,,,,,,,,,,,1901,50,39,60,1.51
17005,Illinois,Bond,,217,7404,5814,8994,-0.27,,,,,,,,,,,,,,,,,,,,,18,16,21,0.08,4.0,3.7,4.3,0.10,4.7,4.4,5.0,-0.08,,7,6,9,-0.43,,,,,,,,,,,,,,,,20,17,22,0.00,37,35,38,0.29,7.9,0.05,28,25,30,-0.05,54,0.11,22,21,24,-0.13,6,17,35,22,48,0.44,55,334.8,-0.21,17,13,22,-0.65,,,,,,,,,,,,,,,,835,7,6,8,0.01,10,61,1643:1,-0.47,3,18,5421:1,1.02,25,154,650:1,0.28,4036,-0.34,,,,,,44,0.00,,,55,,43,48,-0.53,,,28,,49,10650,11841,90,88,92,0.10,2523,4087,62,53,71,0.17,512,7484,6.8,-0.63,15,9,21,-0.10,,,,8,15,101910,23657,4.3,-0.21,559,3152,18,10,25,-0.62,20,12.2,0.46,7,39,-0.98,69,83,65,105,0.07,,,,,,,,,,,,,,,,9.3,-0.40,Yes,1.75,11,8,15,7,5,9,3,1,6,2,1,3,0.08,82,78,86,-0.09,,,,,,,,,,,,,,,,6920,37,31,43,0.31
17007,Illinois,Boone,,586,6426,5605,7247,-0.81,,,,,,,,,,,,,3631,2543,5027,,7219,6109,8328,,18,16,21,0.13,3.8,3.5,4.0,-0.67,4.3,4.1,4.6,-1.24,,7,6,8,-0.76,,,,,,,12,6,18,7,5,8,7,6,8,17,15,19,-1.15,34,33,36,-0.71,8.4,-0.55,28,25,31,0.12,81,-1.09,22,21,23,-0.25,8,25,32,21,43,0.20,199,371.7,-0.04,15,13,17,-0.82,,,,,,,29,16,49,24,19,28,11,9,13,3785,8,7,10,1.20,29,54,1846:1,-0.24,19,36,2778:1,0.42,21,40,2513:1,0.98,3210,-1.12,,,,3341,3256,41,0.70,,36,25,35,41,48,-0.53,,54,28,38,49,30429,35103,87,85,89,1.17,7373,12303,60,53,67,0.40,2860,25580,11.2,2.28,11,6,15,-0.87,,,20,14,9,133349,31328,4.3,-0.30,2556,13178,19,14,25,-0.38,29,5.4,1.82,92,171,-0.33,156,58,49,68,-1.34,,,,,,,,,,29,17,46,68,57,80,9.6,0.19,No,-0.57,14,11,16,11,8,13,3,2,5,0,0,0,0.82,82,78,86,-0.05,,,,,,,78,69,87,78,69,86,78,73,83,25168,37,33,41,0.32
17009,Illinois,Brown,,69,4975,3332,7145,-1.61,,,,,,,,,,,,,,,,,,,,,21,18,23,1.22,4.1,3.9,4.4,0.39,4.5,4.3,4.8,-0.67,,7,4,9,-1.08,,,,,,,,,,,,,,,,21,18,23,0.55,38,37,39,0.92,8.2,-0.31,30,27,32,0.92,68,-0.53,23,22,24,0.12,0,2,0,0,51,-2.20,,,0.00,21,12,33,-0.20,,,,,,,,,,,,,,,,158,4,3,5,-2.47,1,15,6578:1,1.11,,,,0.00,21,321,312:1,-0.76,4577,0.17,,,,,,46,-0.47,,,,,,33,1.42,,,,,,3977,4828,82,78,87,2.59,1013,2126,48,40,55,1.95,115,2996,3.8,-2.65,11,7,16,-0.74,,,,,,104375,22616,4.6,0.28,198,1183,17,7,27,-0.76,7,10.6,0.77,7,134,-0.51,17,51,30,82,-1.75,,,,,,,,,,,,,,,,8.9,-1.20,No,-0.57,6,3,8,4,1,8,2,0,5,0,0,1,-1.90,82,67,97,-0.08,,,,,,,,,,,,,,,,2283,19,13,25,-1.35
17011,Illinois,Bureau,,491,7315,6222,8407,-0.32,,,,,,,,,,,,,,,,,,,,,18,16,20,-0.17,3.9,3.6,4.2,-0.31,4.6,4.3,4.9,-0.40,,7,6,8,-0.69,,,,,,,,,,7,5,10,7,6,8,18,16,21,-0.51,35,34,37,-0.30,7.8,0.17,28,26,31,0.26,73,-0.72,23,22,24,0.24,16,45,36,28,43,0.46,121,370.8,-0.05,17,14,20,-0.67,,,,,,,,,,20,13,31,16,13,20,1837,7,6,8,0.19,16,49,2039:1,-0.06,12,37,2692:1,0.38,21,65,1538:1,0.83,3321,-1.02,,,,,,43,0.23,,,,29,43,41,0.38,,37,20,38,41,21210,23397,91,90,92,-0.14,4330,7156,61,56,65,0.32,1239,16363,7.6,-0.14,14,9,19,-0.21,,,41,25,20,104209,26472,3.9,-0.81,1532,7020,22,17,26,-0.04,49,15.0,-0.11,42,132,-0.52,169,103,87,118,1.19,,,,,,,,,,,,,,,,9.8,0.59,No,-0.57,10,9,12,9,7,10,1,1,2,0,0,1,-0.32,83,81,85,0.19,,,,,,,,,,74,67,82,82,80,84,15610,21,19,23,-1.16
17013,Illinois,Calhoun,x,,,,,0.00,,,,,,,,,,,,,,,,,,,,,17,15,20,-0.37,4.0,3.7,4.3,-0.05,4.9,4.5,5.2,0.39,x,7,4,10,-0.50,,,,,,,,,,,,,,,,21,18,24,0.43,36,34,37,-0.17,8.0,-0.07,27,24,30,-0.19,2,2.52,24,23,25,1.15,0,2,0,0,51,-2.20,4,84.4,-1.36,,,,0.00,,,,,,,,,,,,,,,,254,7,6,8,-0.02,1,21,4739:1,0.90,1,22,4616:1,0.91,,,,0.00,3903,-0.47,,,,,,35,2.11,,,,,,46,-0.27,,,,,,3256,3478,94,92,96,-1.11,631,940,67,54,81,-0.51,169,2228,7.6,-0.13,12,7,17,-0.63,,,,43,12,121881,26655,4.6,0.21,97,984,10,3,17,-1.73,0,0.0,2.91,,,0.00,13,54,29,93,-1.57,,,,,,,,,,,,,,,,9.1,-0.80,Yes,1.75,12,8,17,11,6,15,1,0,3,1,0,3,0.44,79,72,86,-0.84,,,,,,,,,,,,,,,,2020,60,50,69,2.44
17015,Illinois,Carroll,,247,7168,5551,8785,-0.40,,,,,,,,,,,,,,,,,,,,,17,15,19,-0.62,3.8,3.5,4.1,-0.50,4.7,4.3,4.9,-0.25,,6,4,7,-1.85,,,,,,,,,,,,,,,,19,16,22,-0.17,35,33,37,-0.39,8.4,-0.55,27,24,30,-0.41,50,0.33,24,23,25,1.20,6,19,32,19,44,0.16,35,244.7,-0.63,19,14,25,-0.40,,,,,,,,,,,,,,,,778,7,6,8,0.27,3,21,4768:1,0.91,4,28,3560:1,0.69,20,140,712:1,0.36,3357,-0.98,,,,,,36,1.88,,,,,,49,-0.66,,,,25,50,9637,10693,90,89,92,0.04,1789,3062,58,51,66,0.59,532,7376,7.2,-0.38,15,10,21,-0.03,,,,39,15,100788,25414,4.0,-0.76,407,2719,15,10,20,-1.01,21,14.7,-0.04,6,47,-0.94,64,89,69,114,0.41,,,,,,,,,,,,,,,,9.3,-0.40,Yes,1.75,9,7,11,9,6,11,0,0,1,0,0,1,-0.64,84,80,88,0.41,,,,,,,,,,,,,,,,6348,34,29,38,0.00
17017,Illinois,Cass,,169,8575,6630,10520,0.38,,,,,,,,,,,,,,,,,,,,,22,19,24,1.67,4.3,4.0,4.5,0.80,4.8,4.5,5.0,0.05,,9,7,11,0.90,,,,,,,18,12,25,7,4,9,8,6,10,20,18,22,0.25,38,36,39,0.92,8.5,-0.67,32,29,34,1.80,17,1.83,21,20,22,-1.38,2,10,20,5,39,-0.70,41,337.5,-0.20,37,30,45,1.63,,,,,,,,,,52,37,71,32,24,42,997,10,9,12,2.66,,,,0.00,8,67,1491:1,-0.66,77,646,155:1,-2.78,4736,0.32,,,,,,39,1.17,,,,25,40,43,0.12,,,,26,43,6966,8356,83,80,86,2.27,1443,2990,48,41,55,1.87,387,5813,6.7,-0.76,16,10,21,0.05,,,49,23,14,96278,22420,4.3,-0.24,577,3008,19,12,26,-0.41,18,14.8,-0.07,67,518,1.39,50,81,60,107,-0.03,,,,,,,,,,,,,,,,9.4,-0.21,No,-0.57,10,7,12,6,4,8,3,1,4,1,0,2,-0.44,82,77,86,-0.11,,,,,,,,,,86,73,100,82,70,94,5640,28,24,33,-0.48
17019,Illinois,Champaign,,1879,6390,5968,6812,-0.83,,,,,,,,,13753,12157,15348,,4751,3465,6357,,5645,5164,6127,,17,15,19,-0.72,3.7,3.5,3.9,-0.88,4.3,4.1,4.6,-1.29,,8,8,9,0.42,,,,7,5,8,14,13,15,6,5,8,7,6,7,16,14,18,-1.50,36,35,38,0.11,8.2,-0.31,25,23,28,-1.02,81,-1.11,20,19,21,-2.31,21,78,27,21,33,-0.18,1907,909.4,2.43,12,11,12,-1.24,,,,,,,34,30,37,28,24,33,6,5,7,11815,7,6,8,-0.01,210,100,999:1,-1.82,136,65,1538:1,-0.59,618,295,338:1,-0.60,5032,0.60,,1502,8290,1991,4642,45,-0.24,,44,46,29,45,51,-0.92,,50,37,41,53,116216,122470,95,94,96,-1.53,42493,53343,80,76,83,-2.10,6993,108725,6.4,-0.91,15,11,20,0.03,,7,30,26,9,116341,19541,6.0,2.42,11150,39095,29,25,32,0.91,249,11.9,0.52,1007,487,1.24,691,66,61,71,-0.90,,,,10,5,18,93,78,109,31,19,48,72,66,79,8.3,-2.40,Yes,1.75,20,19,21,17,16,18,5,4,6,1,1,1,2.97,70,68,72,-3.09,,,,44,38,50,71,64,78,65,59,71,75,74,77,100867,14,13,15,-1.87
17021,Illinois,Christian,,533,7929,6811,9048,0.02,,,,,,,,,,,,,,,,,,,,,18,16,21,0.08,4.1,3.8,4.4,0.33,4.9,4.6,5.2,0.49,,9,8,10,0.99,,,,,,,,,,,,,,,,21,18,24,0.55,36,34,38,0.06,8.5,-0.67,29,26,32,0.61,60,-0.16,24,22,25,0.92,6,26,23,13,34,-0.47,91,281.7,-0.46,25,21,29,0.28,,,,,,,,,,,,,,,,1663,7,6,8,-0.24,12,37,2692:1,0.35,8,25,4009:1,0.80,21,65,1527:1,0.82,5419,0.96,,,,,,43,0.23,,,,,,44,-0.01,,,,,,20927,23717,88,86,90,0.66,4483,7925,57,51,62,0.82,1101,13598,8.1,0.21,15,9,21,-0.06,,,48,,12,94728,22887,4.1,-0.48,1376,6509,21,15,27,-0.14,45,13.9,0.11,50,185,-0.26,143,87,73,102,0.32,,,,,,,,,,,,,,,,9.9,0.79,No,-0.57,9,7,11,7,6,9,1,1,2,1,0,1,-0.71,84,82,86,0.37,,,,,,,,,,,,,,,,14704,41,36,45,0.66
17023,Illinois,Clark,,260,8523,6846,10200,0.35,,,,,,,,,,,,,,,,,,,,,18,15,20,-0.32,4.0,3.7,4.3,0.00,4.9,4.5,5.2,0.36,,8,6,9,-0.24,,,,,,,,,,,,,,,,20,17,23,0.30,36,34,38,0.11,7.7,0.29,27,24,30,-0.23,50,0.32,23,22,24,0.37,7,23,30,19,42,0.08,44,285.0,-0.44,25,19,30,0.20,,,,,,,,,,,,,,,,792,6,6,7,-0.55,6,39,2574:1,0.29,2,13,7634:1,1.21,4,26,3817:1,1.07,4459,0.06,,,,,,34,2.35,,,,,,44,-0.01,,,,,,10177,10918,93,91,95,-0.98,2377,3505,68,58,77,-0.60,579,7331,7.9,0.08,15,9,21,-0.08,,,14,,11,107610,27493,3.9,-0.84,660,3509,19,12,25,-0.47,26,16.8,-0.48,24,189,-0.24,71,91,71,115,0.52,,,,,,,,,,,,,,,,9.2,-0.60,No,-0.57,7,5,9,6,4,8,2,0,3,0,0,0,-1.32,80,76,84,-0.66,,,,,,,,,,,,,,,,7334,36,29,42,0.21
17025,Illinois,Clay,,220,8120,6356,9885,0.13,,,,,,,,,,,,,,,,,,,,,20,17,22,0.73,4.4,4.1,4.7,1.05,5.1,4.8,5.4,1.19,,8,6,9,-0.23,,,,,,,,,,,,,,,,22,19,25,1.02,36,34,38,0.01,7.6,0.41,29,26,32,0.48,43,0.65,22,21,23,-0.59,4,13,31,16,46,0.10,28,212.4,-0.77,33,27,41,1.22,,,,,,,,,,,,,,,,734,7,6,8,0.02,2,15,6592:1,1.11,7,54,1868:1,-0.19,20,153,654:1,0.28,1840,-2.42,,,,,,45,-0.24,,,,,,39,0.64,,,,,,8148,9296,88,85,90,0.85,1801,3035,59,49,70,0.47,585,6231,9.4,1.08,19,12,25,0.61,,,,,,98717,21313,4.6,0.30,495,3016,16,8,24,-0.80,30,22.8,-1.67,8,60,-0.88,46,70,51,93,-0.70,,,,,,,,,,,,,,,,9.4,-0.21,No,-0.57,11,8,15,8,5,12,3,1,5,1,0,1,0.03,86,81,90,0.90,,,,,,,,,,,,,,,,5985,29,24,35,-0.40
17027,Illinois,Clinton,,404,5271,4464,6077,-1.45,,,,,,,,,,,,,,,,,,,,,16,14,19,-0.87,3.7,3.4,4.0,-0.79,4.6,4.2,4.9,-0.55,,7,6,7,-1.09,,,,,,,25,12,38,8,4,13,6,5,7,19,16,22,-0.34,35,33,36,-0.62,8.8,-1.03,25,23,28,-1.07,60,-0.16,25,23,26,1.64,2,22,9,2,22,-1.52,96,255.6,-0.58,14,11,17,-0.98,,,,,,,,,,41,21,72,13,10,16,1737,6,5,7,-0.99,14,37,2683:1,0.35,12,32,3117:1,0.55,20,53,1870:1,0.90,3725,-0.64,,,,,,50,-1.41,,,33,,51,42,0.25,,,17,26,43,24138,26770,90,89,91,0.02,6702,9722,69,64,74,-0.74,1154,19796,5.8,-1.31,8,4,11,-1.45,,,,37,6,119564,30199,4.0,-0.77,1505,7936,19,14,24,-0.44,48,12.8,0.34,51,146,-0.45,112,60,49,71,-1.27,,,,,,,,,,,,,,,,9.4,-0.21,No,-0.57,10,8,12,8,6,10,1,1,2,1,0,1,-0.40,82,80,84,-0.05,,,,,,,,,,,,,,,,18117,39,36,43,0.55
17029,Illinois,Coles,,660,7230,6378,8082,-0.36,,,,,,,,,,,,,,,,,,,,,19,16,21,0.28,4.2,3.9,4.5,0.74,5.0,4.6,5.3,0.72,,7,7,8,-0.39,,,,,,,10,7,14,,,,7,6,8,21,17,24,0.47,36,34,38,0.15,7.0,1.13,27,24,30,-0.19,64,-0.33,22,20,23,-0.73,10,37,27,18,36,-0.18,357,705.2,1.49,15,13,17,-0.88,,,,,,,14,9,21,20,10,35,15,13,17,2904,7,6,9,0.29,38,75,1332:1,-0.96,27,54,1866:1,-0.19,204,405,247:1,-1.28,7184,2.63,,,,,,46,-0.47,,23,54,36,46,47,-0.40,,42,24,42,47,29887,32864,91,89,93,-0.23,8001,11965,67,61,73,-0.48,1716,23148,7.4,-0.25,18,11,24,0.42,,39,53,8,23,93669,18397,5.1,1.04,2363,9157,26,19,33,0.52,76,15.0,-0.11,147,278,0.20,152,59,50,69,-1.29,,,,,,,,,,,,,,,,9.4,-0.21,No,-0.57,15,13,17,14,12,16,1,1,2,1,0,1,1.29,75,73,77,-1.77,,,,,,,42,22,62,79,63,95,79,77,81,24398,19,16,21,-1.39
17031,Illinois,Cook,,63871,7508,7424,7592,-0.21,4455,3027,6324,,2958,2765,3151,,14799,14547,15051,,5681,5542,5821,,5287,5180,5395,,19,17,21,0.53,3.6,3.4,3.9,-1.10,4.0,3.8,4.2,-2.22,,9,9,9,0.82,8,5,11,9,9,9,14,14,14,7,7,8,6,6,7,15,13,17,-2.09,29,28,30,-3.03,8.9,-1.15,26,24,28,-0.85,98,-1.90,24,23,24,0.90,349,1483,24,22,25,-0.44,45414,881.8,2.31,20,19,20,-0.34,8,4,13,2,1,2,35,34,36,24,24,25,4,4,4,466676,11,11,11,3.28,4923,96,1046:1,-1.66,4884,96,1046:1,-1.65,16279,319,314:1,-0.75,4699,0.28,8714,2464,7652,4498,3763,41,0.70,35,36,39,35,44,48,-0.53,44,54,34,42,53,3142885,3584933,88,87,88,0.85,1121068,1544552,73,72,73,-1.20,281454,2539907,11.1,2.22,17,15,18,0.25,18,12,35,21,7,141200,25871,5.5,1.62,335722,1126503,30,29,30,1.09,3719,7.2,1.46,31925,620,1.89,18535,72,71,73,-0.58,23,12,41,21,19,23,135,132,138,44,42,45,60,58,61,11.2,3.38,No,-0.57,21,21,21,18,18,18,3,3,4,1,1,1,3.30,60,60,60,-5.56,58,52,64,53,52,54,58,57,59,63,62,64,60,60,61,2508211,53,52,53,1.80
17033,Illinois,Crawford,,241,5517,4444,6591,-1.31,,,,,,,,,,,,,,,,,,,,,19,16,21,0.23,4.1,3.8,4.4,0.24,4.8,4.5,5.2,0.24,,7,6,9,-0.52,,,,,,,,,,,,,,,,20,18,23,0.38,37,35,38,0.29,8.4,-0.55,28,25,30,-0.01,54,0.12,24,22,25,0.78,3,13,23,9,39,-0.47,36,192.9,-0.86,27,22,33,0.52,,,,,,,,,,,,,,,,939,7,6,8,-0.23,10,54,1867:1,-0.22,7,38,2645:1,0.35,39,211,475:1,-0.08,3367,-0.97,,,,,,43,0.23,,,,,,39,0.64,,,,,,11928,13854,86,84,88,1.37,3134,5117,61,55,68,0.23,590,8472,7.0,-0.55,15,9,20,-0.12,,,,,,103479,20955,4.9,0.79,613,3582,17,11,23,-0.71,30,16.1,-0.32,42,289,0.25,66,70,54,89,-0.68,,,,,,,,,,,,,,,,9.5,-0.01,No,-0.57,11,9,14,10,7,13,1,0,3,1,0,2,0.04,84,81,87,0.54,,,,,,,,,,,,,,,,7903,15,12,19,-1.70
17035,Illinois,Cumberland,,122,5919,4255,7583,-1.09,,,,,,,,,,,,,,,,,,,,,18,16,21,-0.02,4.2,3.8,4.5,0.48,5.0,4.6,5.3,0.78,,8,6,10,0.01,,,,,,,,,,,,,,,,21,18,24,0.68,35,34,37,-0.21,8.6,-0.79,28,25,31,0.03,1,2.57,23,22,24,0.28,3,13,23,9,39,-0.47,31,287.9,-0.43,17,12,23,-0.65,,,,,,,,,,,,,,,,607,7,6,8,0.03,,,,0.00,1,9,10649:1,1.34,4,38,2662:1,1.00,5782,1.31,,,,,,44,0.00,,,,,,43,0.12,,,,,,7000,7615,92,90,94,-0.55,1577,2534,62,52,72,0.10,338,5944,5.7,-1.41,11,7,16,-0.74,,,,,,105199,25968,4.1,-0.62,193,2430,8,4,12,-2.00,11,10.2,0.86,13,115,-0.60,30,56,37,79,-1.50,,,,,,,,,,,,,,,,9.4,-0.21,No,-0.57,8,6,11,6,4,8,2,1,3,1,0,2,-0.91,84,78,89,0.41,,,,,,,,,,,,,,,,5536,30,24,35,-0.37
17037,Illinois,DeKalb,,1028,6670,6083,7258,-0.67,,,,,,,,,12897,9932,16469,,5510,4076,7284,,6451,5799,7103,,18,16,20,-0.32,3.8,3.5,4.0,-0.58,4.5,4.2,4.7,-0.84,,7,7,8,-0.52,,,,6,3,10,11,10,13,8,6,9,6,6,7,17,15,20,-1.03,36,34,37,-0.03,7.3,0.77,27,25,30,-0.19,80,-1.08,23,22,24,0.18,15,43,35,27,43,0.41,640,610.1,1.06,9,8,10,-1.51,,,,,,,14,11,18,22,18,26,6,5,7,6473,8,6,9,0.36,29,28,3617:1,0.68,68,65,1537:1,-0.59,298,285,351:1,-0.54,3679,-0.68,,5580,6271,,3631,42,0.47,,37,39,27,43,54,-1.31,,50,34,39,55,56942,61798,92,91,93,-0.63,18265,25877,71,66,75,-0.95,4353,53031,8.2,0.28,11,8,15,-0.76,,32,52,26,12,120123,25341,4.7,0.48,5397,22437,24,20,28,0.28,102,9.7,0.95,283,276,0.19,301,58,51,64,-1.39,,,,,,,55,35,82,38,24,58,62,54,69,10.2,1.39,No,-0.57,16,14,18,14,13,16,2,1,2,1,0,1,1.69,78,77,80,-0.95,,,,68,59,78,68,52,83,73,66,81,79,76,81,52569,39,36,42,0.48
17039,Illinois,De Witt,,281,9717,7709,11725,1.01,,,,,,,,,,,,,,,,,,,,,18,15,20,-0.27,4.0,3.7,4.2,-0.04,4.8,4.5,5.1,0.22,,6,5,8,-1.38,,,,,,,,,,,,,,,,20,17,23,0.13,36,34,38,-0.12,8.6,-0.79,28,24,31,-0.01,74,-0.78,23,22,24,0.53,2,14,14,3,31,-1.13,48,306.9,-0.34,22,17,27,-0.13,,,,,,,,,,,,,,,,806,6,6,7,-0.53,5,32,3128:1,0.53,5,33,3074:1,0.54,5,33,3074:1,1.03,4164,-0.22,,,,,,46,-0.47,,,,,,42,0.25,,,,,,10407,11222,93,91,95,-0.82,2367,3574,66,57,75,-0.40,464,7120,6.5,-0.85,13,8,18,-0.38,,,,36,16,104655,27972,3.7,-1.12,644,3478,19,12,25,-0.51,21,13.4,0.21,27,188,-0.24,69,87,68,111,0.32,,,,,,,,,,,,,,,,9.9,0.79,No,-0.57,8,6,10,7,5,9,1,0,3,0,0,1,-1.08,86,85,87,0.99,,,,,,,,,,,,,,,,7680,36,31,41,0.23
17041,Illinois,Douglas,,224,6555,5210,7901,-0.74,,,,,,,,,,,,,,,,,,,,,20,17,23,0.78,4.2,3.9,4.5,0.52,4.9,4.6,5.2,0.41,,6,5,7,-1.47,,,,,,,,,,11,6,16,6,5,7,21,18,24,0.51,36,34,37,-0.08,8.6,-0.79,30,27,33,0.96,71,-0.65,22,21,23,-0.29,6,21,29,17,41,-0.06,60,308.2,-0.33,18,14,22,-0.58,,,,,,,,,,33,19,53,16,12,20,1718,11,9,12,3.00,6,31,3244:1,0.57,12,62,1626:1,-0.47,3,15,6503:1,1.13,5650,1.18,,,,,,46,-0.47,,,,,,46,-0.27,,,,46,46,10923,13086,83,81,86,2.23,2643,4751,56,49,62,0.94,562,10036,5.6,-1.47,12,7,16,-0.70,,,,31,12,108254,25014,4.3,-0.18,587,4852,12,8,16,-1.42,28,14.4,0.02,36,223,-0.07,73,75,58,94,-0.41,,,,,,,,,,,,,,,,9.3,-0.40,No,-0.57,12,9,14,9,7,11,3,2,4,1,0,2,0.19,75,72,79,-1.69,,,,,,,,,,73,60,87,72,68,76,9359,35,30,39,0.11
17043,Illinois,DuPage,,7490,4528,4368,4689,-1.86,,,,,2525,2185,2865,,8112,7228,8995,,3684,3331,4038,,4808,4599,5018,,14,12,15,-2.27,3.0,2.8,3.2,-2.94,3.7,3.4,3.9,-3.27,,7,7,7,-0.75,,,,9,9,10,12,11,13,7,6,7,6,6,6,11,9,13,-3.54,27,26,28,-4.12,9.4,-1.75,23,21,25,-2.17,99,-1.94,20,19,21,-2.17,45,200,23,19,26,-0.52,2699,292.4,-0.41,7,7,8,-1.75,,,,2,1,3,17,15,19,21,20,23,2,2,3,49519,6,6,7,-0.57,1250,135,738:1,-3.04,1042,114,881:1,-2.27,3195,348,287:1,-0.93,3231,-1.10,,2506,5908,3215,3175,46,-0.47,,39,41,38,47,56,-1.57,45,54,41,45,57,593465,636291,93,93,94,-1.00,188344,237520,79,78,81,-2.05,38391,484215,7.9,0.10,6,5,8,-1.68,5,8,22,15,4,176674,43022,4.1,-0.54,32091,209857,15,14,16,-0.96,850,9.2,1.06,827,89,-0.74,2030,44,42,46,-2.17,,,,18,15,22,61,51,71,26,22,29,51,49,54,10.5,1.99,No,-0.57,15,15,16,13,12,13,2,2,3,1,1,1,1.36,74,73,74,-2.15,88,78,98,74,72,77,82,80,84,79,77,81,82,81,83,480396,41,40,42,0.70
17045,Illinois,Edgar,,314,9172,7458,10885,0.71,,,,,,,,,,,,,,,,,,,,,17,15,20,-0.57,3.9,3.6,4.2,-0.16,4.8,4.5,5.2,0.32,,8,7,10,0.40,,,,,,,,,,,,,,,,20,17,23,0.21,36,34,38,0.20,7.2,0.89,27,24,30,-0.45,48,0.39,24,22,25,0.93,1,20,5,0,18,-1.82,54,314.7,-0.30,31,25,37,0.91,,,,,,,,,,,,,,,,921,7,6,8,-0.09,5,29,3432:1,0.63,5,30,3372:1,0.63,26,154,648:1,0.27,6990,2.45,,,,,,37,1.64,,,,,,35,1.16,,,,,,11353,12613,90,88,92,0.08,2506,3871,65,56,74,-0.21,588,8899,6.6,-0.79,18,11,25,0.44,,,,,,88397,22262,4.0,-0.75,815,3421,24,17,31,0.24,22,12.8,0.33,48,294,0.28,77,89,70,112,0.42,,,,,,,,,,,,,,,,9.1,-0.80,Yes,1.75,11,8,14,9,6,12,1,0,2,2,0,3,-0.01,84,81,87,0.41,,,,,,,,,,,,,,,,7987,24,20,27,-0.92
17047,Illinois,Edwards,,109,10466,7320,13612,1.42,,,,,,,,,,,,,,,,,,,,,17,15,19,-0.52,4.0,3.7,4.3,-0.06,4.9,4.6,5.2,0.41,,8,6,10,0.20,,,,,,,,,,,,,,,,20,18,23,0.30,35,33,37,-0.44,8.0,-0.07,27,24,29,-0.45,12,2.05,24,22,25,0.77,0,2,0,0,51,-2.20,21,328.4,-0.24,25,17,35,0.25,,,,,,,,,,,,,,,,306,6,5,7,-0.82,,,,0.00,1,16,6356:1,1.12,4,63,1589:1,0.84,4546,0.14,,,,,,42,0.47,,,,,,39,0.64,,,,,,4176,4531,92,90,94,-0.63,932,1395,67,58,76,-0.47,219,2681,8.2,0.26,14,9,19,-0.25,,,,13,13,96333,22561,4.3,-0.27,235,1474,16,9,23,-0.87,17,26.6,-2.43,,,0.00,32,100,68,141,1.01,,,,,,,,,,,,,,,,9.4,-0.21,No,-0.57,6,4,9,4,2,7,1,0,3,1,0,2,-1.57,81,77,85,-0.28,,,,,,,,,,,,,,,,2813,38,32,44,0.41
17049,Illinois,Effingham,,432,6676,5685,7666,-0.67,,,,,,,,,,,,,,,,,,,,,16,14,19,-0.87,3.8,3.5,4.1,-0.56,4.7,4.3,5.0,-0.18,,7,6,8,-0.51,,,,,,,,,,,,,,,,19,16,22,-0.22,34,32,36,-0.98,8.5,-0.67,26,23,29,-0.80,48,0.43,25,24,26,1.84,5,33,15,7,25,-1.07,70,205.8,-0.80,26,22,30,0.40,,,,,,,,,,,,,,,,1666,6,5,7,-0.95,27,79,1260:1,-1.11,57,167,598:1,-4.13,75,220,454:1,-0.14,3773,-0.59,,,,,,53,-2.12,,,,,,35,1.16,,36,,,35,21883,23510,93,92,94,-0.94,5933,8568,69,63,75,-0.78,1277,19265,6.6,-0.78,11,8,15,-0.72,,,,31,15,114699,25824,4.4,0.00,1496,8044,19,12,25,-0.50,52,15.3,-0.16,61,181,-0.28,118,69,57,82,-0.73,,,,,,,,,,,,,,,,9.6,0.19,Yes,1.75,9,7,10,7,5,8,2,1,3,1,0,1,-0.83,82,81,83,0.01,,,,,,,,,,,,,,,,17101,16,14,19,-1.61
17051,Illinois,Fayette,,299,7412,6054,8769,-0.26,,,,,,,,,,,,,,,,,,,,,21,19,24,1.57,4.5,4.2,4.9,1.58,5.2,4.9,5.5,1.32,,7,5,8,-0.97,,,,,,,,,,,,,,,,23,20,26,1.53,38,36,40,0.88,6.5,1.74,31,28,34,1.45,43,0.62,22,21,23,-0.63,8,31,26,16,36,-0.27,52,243.7,-0.63,34,28,39,1.22,,,,,,,,,,,,,,,,1463,9,8,11,1.96,3,14,7112:1,1.15,10,47,2126:1,0.03,21,99,1013:1,0.62,6254,1.75,,,,,,41,0.70,,,,,,41,0.38,,,,,,13150,15208,86,84,88,1.24,2887,5242,55,49,61,1.01,723,9700,7.5,-0.22,19,12,26,0.63,,,,,,97180,20300,4.8,0.55,1048,4425,24,17,30,0.22,38,17.8,-0.67,28,135,-0.50,87,81,65,100,-0.06,,,,,,,,,,,,,,,,9.5,-0.01,No,-0.57,11,9,13,9,7,12,2,1,3,1,0,2,0.04,84,81,87,0.39,,,,,,,,,,,,,,,,8653,30,26,34,-0.33
17053,Illinois,Ford,,198,7141,5575,8708,-0.41,,,,,,,,,,,,,,,,,,,,,18,16,21,-0.07,4.0,3.7,4.3,0.15,4.8,4.5,5.2,0.30,,6,5,8,-1.18,,,,,,,,,,,,,,,,20,17,23,0.17,36,34,38,-0.03,7.7,0.29,28,25,30,-0.05,59,-0.08,23,22,24,0.49,4,21,19,8,32,-0.77,30,231.5,-0.69,22,17,28,-0.12,,,,,,,,,,,,,,,,737,7,6,8,0.03,10,77,1296:1,-1.03,5,39,2590:1,0.32,66,510,196:1,-1.94,4066,-0.31,,,,,,45,-0.24,,,,,,32,1.55,,,,20,32,8416,9231,91,89,93,-0.31,1846,3036,61,53,69,0.29,402,6236,6.4,-0.90,14,8,19,-0.33,,,3,51,18,103653,23432,4.4,-0.03,751,2975,25,18,32,0.44,22,17.0,-0.50,34,252,0.07,45,68,50,91,-0.78,,,,,,,,,,,,,,,,9.3,-0.40,Yes,1.75,11,9,14,9,6,11,1,0,2,2,1,4,-0.03,81,77,84,-0.38,,,,,,,,,,,,,,,,6337,35,30,40,0.13
17055,Illinois,Franklin,,749,10016,8834,11198,1.17,,,,,,,,,,,,,,,,,,,,,21,18,24,1.17,4.5,4.2,4.8,1.55,5.2,4.9,5.6,1.54,,8,7,9,0.25,,,,,,,,,,,,,,,,23,19,26,1.32,37,35,39,0.65,7.0,1.13,30,26,33,0.83,50,0.31,22,21,23,-0.61,7,34,21,12,30,-0.66,150,389.9,0.04,38,33,42,1.67,,,,,,,,,,,,,,,,2400,8,7,9,0.78,14,36,2748:1,0.38,15,39,2537:1,0.30,265,696,144:1,-3.09,6529,2.01,,,,,,43,0.23,,,,33,43,38,0.77,,,,18,38,24334,27414,89,87,90,0.49,5702,8977,64,58,69,-0.06,1686,15985,10.5,1.86,21,13,29,1.08,,,47,46,22,89494,16845,5.3,1.39,2097,8511,25,20,30,0.36,58,15.1,-0.12,57,160,-0.38,210,109,94,123,1.53,,,,,,,,,,,,,,,,9.4,-0.21,No,-0.57,13,11,14,11,9,12,1,1,2,1,1,2,0.52,82,80,84,-0.02,,,,,,,,,,,,,,,,15595,40,36,44,0.59
17057,Illinois,Fulton,,606,8268,7158,9377,0.21,,,,,,,,,,,,,,,,,,,,,19,17,22,0.43,4.2,3.8,4.4,0.46,4.8,4.5,5.1,0.26,,8,7,9,-0.14,,,,,,,,,,,,,,,,20,18,23,0.38,38,36,40,0.97,8.0,-0.07,28,26,31,0.34,56,0.04,23,22,24,0.08,13,30,43,34,52,1.04,85,247.5,-0.61,31,27,35,0.92,,,,,,,,,,,,,,,,1946,8,7,9,0.68,12,35,2862:1,0.43,7,21,4813:1,0.94,19,56,1773:1,0.88,4958,0.53,,,,,,41,0.70,,,,,,36,1.03,,,,27,36,22551,25243,89,88,91,0.30,4837,8417,57,52,63,0.71,1251,14615,8.6,0.52,17,10,23,0.24,,,31,,19,102947,22819,4.5,0.11,1301,6785,19,14,24,-0.41,53,15.4,-0.19,36,115,-0.60,140,81,67,94,-0.07,,,,,,,,,,,,,,,,9.7,0.39,Yes,1.75,11,9,13,8,7,10,1,1,2,1,1,2,-0.13,86,83,89,0.96,,,,,,,,,,,,,,,,14533,38,34,41,0.37
17059,Illinois,Gallatin,,107,11481,7584,15379,1.98,,,,,,,,,,,,,,,,,,,,,22,19,25,1.67,4.7,4.4,5.0,2.02,5.4,5.0,5.7,1.97,,8,5,11,-0.04,,,,,,,,,,,,,,,,24,21,27,1.79,38,37,40,1.15,4.8,3.00,31,28,34,1.62,37,0.94,21,20,23,-0.97,2,7,29,9,50,-0.06,14,290.0,-0.42,38,27,53,1.73,,,,,,,,,,,,,,,,256,7,6,8,-0.04,1,21,4828:1,0.92,,,,0.00,,,,0.00,4379,-0.02,,,,,,41,0.70,,,,,,33,1.42,,,,,,3142,3629,87,83,90,1.21,648,1111,58,46,71,0.60,186,2032,9.2,0.92,21,12,30,1.10,,,,,,89600,15027,6.0,2.43,333,1046,32,21,43,1.38,7,14.5,-0.01,8,180,-0.28,19,76,46,119,-0.33,,,,,,,,,,,,,,,,9.2,-0.60,No,-0.57,8,5,11,5,3,8,1,0,3,2,0,3,-1.07,89,88,90,1.70,,,,,,,,,,,,,,,,1873,39,31,48,0.53
17061,Illinois,Greene,,224,7880,6152,9608,-0.01,,,,,,,,,,,,,,,,,,,,,19,16,21,0.23,4.1,3.9,4.4,0.45,5.0,4.7,5.3,0.72,,8,6,10,0.02,,,,,,,,,,,,,,,,22,19,25,0.98,36,34,37,-0.08,8.5,-0.67,28,25,31,0.30,41,0.74,24,22,25,0.94,5,13,38,23,52,0.68,25,192.8,-0.86,22,16,28,-0.13,,,,,,,,,,,,,,,,711,7,6,8,-0.05,2,15,6485:1,1.10,4,31,3176:1,0.57,,,,0.00,4379,-0.02,,,,,,45,-0.24,,,,,,37,0.90,,,,,,8572,9238,93,91,94,-0.84,1661,3013,55,48,62,1.00,382,5904,6.5,-0.88,17,11,24,0.39,,,,,,101500,21592,4.7,0.41,663,2702,25,17,32,0.34,19,14.7,-0.04,27,203,-0.17,70,108,84,136,1.48,,,,,,,,,,,,,,,,9.1,-0.80,Yes,1.75,7,5,9,6,4,8,1,0,2,1,0,1,-1.27,83,81,84,0.15,,,,,,,,,,,,,,,,5913,44,39,50,1.01
17063,Illinois,Grundy,,633,7527,6657,8397,-0.20,,,,,,,,,,,,,,,,,,,,,16,14,18,-1.27,3.5,3.3,3.8,-1.34,4.4,4.1,4.6,-1.18,,7,7,8,-0.35,,,,,,,,,,10,7,13,7,6,8,17,15,19,-1.11,33,32,35,-1.12,8.7,-0.91,26,23,28,-0.89,66,-0.40,24,23,25,1.11,16,49,33,25,40,0.24,137,268.3,-0.52,12,10,14,-1.20,,,,,,,,,,13,8,19,12,10,14,2385,5,5,6,-1.42,16,31,3191:1,0.55,19,37,2684:1,0.37,85,167,600:1,0.19,4767,0.35,,,,3624,4790,42,0.47,,,,32,43,49,-0.66,,42,20,34,50,31750,33937,94,93,94,-1.09,9421,13507,70,64,76,-0.85,2131,24269,8.8,0.67,7,5,10,-1.47,,,,14,8,138188,35884,3.9,-0.94,2953,12817,23,18,28,0.13,50,9.8,0.94,50,101,-0.67,186,73,63,84,-0.49,,,,,,,,,,39,18,71,80,68,92,10.1,1.19,Yes,1.75,13,10,15,10,8,12,1,1,2,2,1,3,0.45,87,84,89,1.14,,,,,,,,,,86,81,91,85,82,88,25149,45,41,49,1.09
17065,Illinois,Hamilton,,126,6918,4867,8968,-0.54,,,,,,,,,,,,,,,,,,,,,18,16,21,-0.07,4.1,3.8,4.3,0.17,4.9,4.5,5.2,0.52,,8,6,10,0.02,,,,,,,,,,,,,,,,20,17,23,0.34,36,34,37,-0.17,8.3,-0.43,28,25,31,-0.01,35,0.99,23,22,25,0.74,1,5,20,2,48,-0.70,18,221.8,-0.73,26,19,35,0.36,,,,,,,,,,,,,,,,419,7,6,8,-0.36,3,37,2705:1,0.36,1,12,8084:1,1.23,2,25,4042:1,1.08,5828,1.35,,,,,,36,1.88,,,,,,37,0.90,,,,,,5040,5826,87,82,91,1.23,1307,1861,70,56,85,-0.91,281,4225,6.7,-0.76,19,12,26,0.72,,,,,,105528,22048,4.8,0.55,288,1762,16,6,26,-0.81,23,28.3,-2.79,3,55,-0.90,26,64,42,94,-1.02,,,,,,,,,,,,,,,,8.8,-1.40,No,-0.57,7,4,10,5,2,8,1,0,2,1,0,3,-1.41,76,68,85,-1.43,,,,,,,,,,,,,,,,3324,41,31,51,0.68
17067,Illinois,Hancock,,263,7795,6181,9408,-0.05,,,,,,,,,,,,,,,,,,,,,17,15,20,-0.47,4.0,3.7,4.3,-0.02,4.8,4.5,5.2,0.26,,7,5,8,-0.98,,,,,,,,,,,,,,,,20,17,23,0.08,36,34,38,-0.03,7.2,0.89,27,24,30,-0.23,46,0.52,23,22,25,0.67,4,11,36,20,52,0.52,45,254.1,-0.58,22,17,27,-0.13,,,,,,,,,,,,,,,,921,7,6,8,-0.21,4,23,4427:1,0.85,6,34,2904:1,0.47,30,172,581:1,0.16,4662,0.25,,,,,,45,-0.24,,,,,,41,0.38,,,,,,12038,12883,93,92,95,-1.05,2546,3782,67,59,75,-0.54,560,8081,6.9,-0.57,16,10,21,0.07,,,,20,23,98419,23626,4.2,-0.44,858,3736,23,16,30,0.12,35,19.8,-1.06,10,76,-0.80,85,95,76,117,0.75,,,,,,,,,,,,,,,,9.3,-0.40,No,-0.57,7,6,9,6,4,7,1,0,2,0,0,1,-1.37,85,83,86,0.59,,,,,,,,,,,,,,,,8033,37,33,42,0.35
17069,Illinois,Hardin,,89,11521,7592,16762,2.00,,,,,,,,,,,,,,,,,,,,,21,18,24,1.27,4.5,4.2,4.8,1.35,5.2,4.9,5.5,1.43,x,8,4,11,-0.02,,,,,,,,,,,,,,,,23,20,26,1.45,36,35,38,0.24,7.5,0.53,30,27,33,1.09,72,-0.69,22,21,24,-0.19,2,6,33,11,55,0.30,5,130.9,-1.15,20,11,33,-0.30,,,,,,,,,,,,,,,,225,8,7,9,0.86,4,105,955:1,-1.98,1,26,3808:1,0.75,1,26,3808:1,1.07,6984,2.44,,,,,,35,2.11,,,,,,18,3.00,,,,,,2614,3014,87,83,91,1.16,479,848,56,43,70,0.83,118,1289,9.2,0.92,28,17,39,2.35,,,,,,81778,22986,3.6,-1.41,86,545,16,8,24,-0.89,4,10.5,0.80,9,207,-0.15,16,82,47,133,-0.01,,,,,,,,,,,,,,,,9.2,-0.60,No,-0.57,8,4,11,5,1,8,1,0,3,2,0,5,-1.18,85,81,89,0.72,,,,,,,,,,,,,,,,1411,41,29,52,0.66
17071,Illinois,Henderson,,123,8519,5746,11292,0.35,,,,,,,,,,,,,,,,,,,,,17,14,19,-0.77,3.8,3.5,4.1,-0.47,4.7,4.4,5.0,0.01,,9,6,11,0.58,,,,,,,,,,,,,,,,19,16,23,-0.04,34,32,36,-0.85,8.9,-1.15,26,24,29,-0.54,31,1.19,24,23,26,1.49,2,7,29,9,50,-0.06,6,90.3,-1.34,21,14,31,-0.19,,,,,,,,,,,,,,,,385,8,7,9,0.61,,,,0.00,11,168,594:1,-3.00,3,46,2178:1,0.94,4135,-0.25,,,,,,45,-0.24,,,,,,45,-0.14,,,,,,4643,5047,92,90,94,-0.58,757,1272,60,48,71,0.45,246,3544,6.9,-0.57,15,9,20,-0.14,,,,,,96460,25588,3.8,-1.07,147,1235,12,5,19,-1.44,5,7.5,1.40,,,0.00,39,116,83,159,1.96,,,,,,,,,,,,,,,,9.2,-0.60,No,-0.57,6,4,7,4,2,6,1,0,3,0,0,1,-1.90,86,81,92,1.05,,,,,,,,,,,,,,,,3215,39,33,46,0.55
17073,Illinois,Henry,,689,7142,6224,8061,-0.41,,,,,,,,,,,,,,,,,,,,,17,14,19,-0.77,3.8,3.5,4.0,-0.65,4.6,4.3,4.9,-0.46,,7,7,8,-0.41,,,,,,,12,6,17,7,4,10,7,6,8,18,16,21,-0.47,35,33,37,-0.39,8.0,-0.07,27,24,30,-0.32,73,-0.74,23,22,24,0.59,6,32,19,10,29,-0.80,128,261.7,-0.55,21,18,24,-0.19,,,,,,,49,27,81,28,19,42,19,16,22,2607,7,6,8,-0.24,11,22,4447:1,0.86,18,37,2690:1,0.37,23,48,2105:1,0.93,3883,-0.49,,,5992,,3953,44,0.00,,,44,38,44,46,-0.27,,,33,33,46,31871,34482,92,91,93,-0.72,7300,11114,66,60,71,-0.33,1864,23925,7.8,0.00,12,8,17,-0.53,,,53,26,16,112209,26159,4.3,-0.24,2795,10851,26,21,31,0.52,70,14.3,0.03,58,130,-0.53,167,68,58,78,-0.78,,,,,,,,,,,,,,,,9.8,0.59,Yes,1.75,8,7,9,7,6,9,1,0,1,0,0,1,-1.04,87,85,89,1.15,,,,,,,,,,82,65,98,84,81,87,22982,33,30,36,-0.03
17075,Illinois,Iroquois,,507,9187,7844,10529,0.72,,,,,,,,,,,,,,,,,,,,,19,17,22,0.63,4.2,3.9,4.4,0.47,4.9,4.6,5.1,0.37,,8,6,9,-0.28,,,,,,,,,,9,5,12,7,6,8,20,18,23,0.38,37,35,38,0.38,7.6,0.41,30,27,32,0.83,37,0.90,21,20,22,-0.99,9,47,19,12,27,-0.77,69,254.5,-0.58,23,19,27,0.06,,,,,,,,,,26,15,41,24,19,28,1823,9,8,10,1.42,11,41,2465:1,0.23,10,37,2671:1,0.37,85,318,314:1,-0.75,3921,-0.45,,,,,,43,0.23,,,25,26,43,41,0.38,,,21,26,41,17157,19478,88,87,89,0.71,3385,5926,57,52,62,0.75,844,13582,6.2,-1.06,14,9,19,-0.23,,,,28,11,99259,22821,4.3,-0.15,1117,5933,19,15,23,-0.46,41,15.1,-0.13,36,136,-0.50,155,113,95,130,1.76,,,,,,,,,,,,,,,,9.3,-0.40,Yes,1.75,13,11,15,11,10,13,2,1,2,1,1,2,0.68,81,79,84,-0.22,,,,,,,,,,80,72,89,79,76,81,12399,34,31,37,0.04
17077,Illinois,Jackson,,769,8964,8021,9906,0.59,,,,,,,,,13353,10366,16340,,,,,,8675,7613,9736,,20,18,23,1.07,4.4,4.1,4.7,1.07,4.9,4.6,5.2,0.48,,9,8,10,1.06,,,,,,,14,12,16,6,3,9,8,7,9,20,17,23,0.17,39,37,41,1.33,6.4,1.86,29,27,32,0.74,71,-0.65,21,20,22,-1.25,11,51,22,14,29,-0.58,597,1052.0,3.09,18,16,20,-0.55,,,,,,,25,20,30,12,7,21,16,14,19,3691,8,7,10,1.06,80,141,709:1,-3.23,46,81,1232:1,-1.15,186,328,305:1,-0.81,4699,0.28,,,7127,1197,4446,45,-0.24,,25,46,23,46,41,0.38,,37,26,31,43,32317,34883,93,91,94,-0.79,10112,13685,74,69,79,-1.37,2105,27251,7.7,-0.04,24,14,34,1.68,,2,58,29,14,90272,14946,6.0,2.56,3764,10525,36,30,41,1.93,89,15.7,-0.24,246,419,0.90,241,84,73,94,0.10,,,,,,,61,41,89,,,,95,82,107,9.4,-0.21,No,-0.57,20,17,22,18,16,21,1,1,2,1,1,2,2.80,78,76,80,-1.08,,,,53,39,66,70,63,77,79,56,100,84,83,85,23391,22,19,25,-1.11
17079,Illinois,Jasper,,100,4478,2987,5970,-1.88,,,,,,,,,,,,,,,,,,,,,18,15,20,-0.17,4.1,3.8,4.4,0.23,4.9,4.6,5.2,0.57,,7,5,9,-0.62,,,,,,,,,,,,,,,,21,18,24,0.51,36,34,38,-0.08,7.9,0.05,28,25,30,-0.05,33,1.09,23,22,24,0.22,3,11,27,11,45,-0.16,16,166.5,-0.99,16,11,23,-0.74,,,,,,,,,,,,,,,,530,7,6,8,-0.16,1,10,9610:1,1.27,1,11,9465:1,1.30,39,412,243:1,-1.33,4840,0.42,,,,,,50,-1.41,,,,,,43,0.12,,,,,,6200,6694,93,90,95,-0.78,1350,2098,64,54,75,-0.16,276,4591,6.0,-1.19,13,8,17,-0.46,,,,,,111119,23897,4.6,0.33,375,2167,17,10,24,-0.68,14,14.6,-0.02,,,0.00,37,77,55,107,-0.25,,,,,,,,,,,,,,,,9.4,-0.21,No,-0.57,12,7,16,9,6,13,2,0,3,2,1,3,0.15,82,77,87,0.03,,,,,,,,,,,,,,,,4496,40,32,47,0.57
17081,Illinois,Jefferson,,656,9447,8293,10601,0.86,,,,,,,,,16372,11849,22053,,,,,,8897,7688,10107,,20,17,22,0.68,4.2,3.9,4.5,0.69,4.9,4.6,5.2,0.53,,10,9,11,1.66,,,,,,,18,14,22,,,,9,8,10,21,18,24,0.60,36,35,38,0.20,7.3,0.77,29,26,32,0.61,43,0.63,22,21,23,-0.73,7,42,17,9,25,-0.95,216,573.2,0.89,38,33,42,1.70,,,,,,,39,27,56,48,24,87,37,32,42,2066,7,6,8,0.17,24,64,1570:1,-0.56,21,56,1773:1,-0.29,98,263,380:1,-0.40,4272,-0.12,,,4574,,4207,43,0.23,,,45,,42,48,-0.53,,38,33,18,48,23599,26499,89,88,90,0.39,5566,9349,60,55,64,0.45,1714,16993,10.1,1.55,19,12,26,0.67,,,63,42,23,96972,22355,4.3,-0.17,2358,8338,28,24,33,0.87,70,18.6,-0.83,231,603,1.81,180,95,81,109,0.75,,,,,,,105,63,165,,,,96,81,111,9.4,-0.21,No,-0.57,13,11,15,10,8,12,1,1,2,2,1,4,0.64,82,80,84,-0.04,,,,,,,60,47,73,,,,85,83,87,16095,19,16,21,-1.40
17083,Illinois,Jersey,,357,8545,7138,9952,0.36,,,,,,,,,,,,,,,,,,,,,16,14,18,-0.97,3.8,3.5,4.1,-0.58,4.7,4.4,5.0,-0.04,,8,7,10,0.43,,,,,,,,,,,,,,,,19,16,22,-0.13,35,33,37,-0.30,8.6,-0.79,26,23,29,-0.72,57,0.00,24,22,25,1.06,10,21,48,37,57,1.36,55,252.6,-0.59,14,11,18,-0.96,,,,,,,,,,,,,,,,995,6,5,7,-1.07,9,41,2419:1,0.21,10,46,2162:1,0.06,15,69,1441:1,0.80,4939,0.51,,,,,,43,0.23,,,,,,42,0.25,,,,,,14100,15152,93,92,95,-0.93,3313,4742,70,60,80,-0.86,795,10678,7.4,-0.23,12,7,16,-0.64,,,,,,132473,28355,4.7,0.37,734,4390,17,9,24,-0.76,24,11.0,0.69,30,132,-0.52,115,105,86,125,1.34,,,,,,,,,,,,,,,,8.3,-2.40,No,-0.57,11,8,13,9,7,12,1,0,2,1,0,2,-0.13,82,78,86,-0.14,,,,,,,,,,,,,,,,10344,43,37,50,0.92
17085,Illinois,Jo Daviess,,279,6576,5046,8107,-0.73,,,,,,,,,,,,,,,,,,,,,16,14,18,-1.12,3.7,3.4,4.0,-0.80,4.6,4.3,4.9,-0.44,,7,6,9,-0.62,,,,,,,,,,,,,,,,18,15,21,-0.56,35,33,37,-0.53,8.6,-0.79,25,22,28,-1.16,61,-0.18,23,22,24,0.45,7,28,25,15,36,-0.33,40,188.4,-0.89,13,10,17,-1.09,,,,,,,,,,,,,,,,1210,8,7,9,0.82,10,47,2124:1,0.01,13,61,1634:1,-0.46,19,89,1118:1,0.67,4618,0.21,,,,,,46,-0.47,,,,,,47,-0.40,,,,36,47,14850,16073,92,91,94,-0.71,2582,4111,63,55,70,0.03,866,10426,8.3,0.35,12,8,16,-0.68,72,,,14,12,104759,27667,3.8,-1.05,774,4065,19,14,24,-0.43,24,11.3,0.64,29,131,-0.52,105,98,79,117,0.92,,,,,,,,,,,,,,,,9.2,-0.60,No,-0.57,11,9,13,9,7,11,1,0,2,1,0,1,-0.19,78,75,81,-1.00,,,,,,,,,,,,,,,,10579,26,22,30,-0.69
17087,Illinois,Johnson,,209,8990,6855,11124,0.61,,,,,,,,,,,,,,,,,,,,,20,17,22,0.68,4.1,3.9,4.4,0.44,4.8,4.5,5.1,0.21,,6,4,8,-1.40,,,,,,,,,,,,,,,,21,18,24,0.68,37,35,38,0.29,8.5,-0.67,29,26,32,0.52,71,-0.65,23,22,24,0.17,4,14,29,14,44,-0.06,28,225.5,-0.71,22,16,30,-0.06,,,,,,,,,,,,,,,,617,7,6,8,0.18,1,8,12417:1,1.35,3,24,4119:1,0.82,109,882,113:1,-3.00,4804,0.38,,,,,,43,0.23,,,,,,43,0.12,,,,,,7527,9151,82,80,85,2.63,1340,3105,43,37,50,2.52,366,4098,8.9,0.77,17,11,22,0.24,,,,,,101153,23757,4.3,-0.29,550,2253,24,15,34,0.33,15,12.1,0.48,31,262,0.12,53,84,63,110,0.13,,,,,,,,,,,,,,,,9.4,-0.21,No,-0.57,9,7,11,8,5,10,1,0,2,1,0,1,-0.77,84,82,86,0.46,,,,,,,,,,,,,,,,3794,45,37,53,1.07
17089,Illinois,Kane,,4781,5306,5081,5530,-1.43,,,,,3002,2283,3722,,11186,9817,12555,,4663,4311,5015,,5236,4925,5546,,18,16,21,0.03,3.5,3.3,3.8,-1.33,4.0,3.7,4.3,-2.28,,7,7,7,-0.59,,,,9,8,11,13,12,14,7,6,7,7,6,7,15,13,17,-1.96,37,36,38,0.38,9.2,-1.51,27,25,30,-0.10,94,-1.71,22,21,23,-0.34,45,151,30,26,34,0.03,2309,433.7,0.24,17,16,18,-0.65,,,,3,2,5,31,27,34,30,29,32,4,4,5,46080,10,9,11,2.69,217,41,2453:1,0.23,361,68,1471:1,-0.69,1575,297,337:1,-0.61,3988,-0.39,,3516,6477,4193,3754,42,0.47,,35,41,30,44,53,-1.18,,52,36,38,56,298509,348436,86,85,86,1.51,86005,134641,64,62,66,-0.10,23911,261649,9.1,0.91,9,6,12,-1.19,,9,37,18,4,152995,37373,4.1,-0.56,25562,135284,19,17,21,-0.45,380,7.1,1.47,857,166,-0.35,1269,48,45,50,-1.95,,,,13,7,21,91,76,106,26,23,30,58,54,62,9.1,-0.80,No,-0.57,16,15,17,13,12,14,4,3,4,1,1,1,1.74,77,76,78,-1.32,73,55,90,76,71,81,80,76,84,75,73,77,79,79,80,264245,44,42,45,0.95
17091,Illinois,Kankakee,,1681,8664,8029,9300,0.43,,,,,,,,,16057,13841,18272,,6884,5356,8712,,7318,6645,7992,,19,17,21,0.43,4.0,3.8,4.3,0.05,4.6,4.4,4.9,-0.27,,9,8,10,0.88,,,,13,6,20,16,14,17,6,5,7,7,6,8,19,16,21,-0.39,37,36,38,0.56,8.1,-0.19,28,26,31,0.30,76,-0.86,22,21,23,-0.70,34,85,40,35,45,0.79,701,638.1,1.19,21,19,23,-0.19,,,,,,,52,45,58,33,28,39,11,9,12,6322,7,6,8,0.22,43,39,2555:1,0.28,55,51,1974:1,-0.09,178,164,610:1,0.21,4648,0.24,,,7187,3289,4369,46,-0.47,,55,42,28,47,50,-0.79,,44,36,33,52,64263,72808,88,87,89,0.65,15940,26459,60,57,64,0.36,4770,53934,8.8,0.71,17,12,23,0.39,,,39,24,10,113468,24865,4.6,0.19,8054,24929,32,28,36,1.44,110,10.0,0.90,310,318,0.40,462,84,77,92,0.14,,,,,,,101,81,125,46,30,67,87,78,96,9.7,0.39,No,-0.57,16,14,17,14,12,15,2,1,2,1,1,2,1.51,81,79,82,-0.43,,,,,,,73,68,78,80,74,86,82,80,84,49847,30,28,32,-0.34
17093,Illinois,Kendall,,892,4382,3982,4782,-1.94,,,,,,,,,7534,5763,9677,,3887,3067,4706,,4251,3765,4737,,15,13,17,-1.77,3.2,2.9,3.4,-2.44,3.9,3.6,4.1,-2.69,,7,6,7,-0.87,,,,8,5,10,13,11,16,7,6,8,6,6,7,13,11,15,-2.65,33,32,35,-1.21,9.4,-1.75,23,21,26,-1.91,92,-1.62,22,22,23,-0.09,9,36,25,16,34,-0.33,445,345.0,-0.16,8,7,9,-1.68,,,,,,,16,12,22,12,10,15,5,4,6,7377,6,6,7,-0.61,44,34,2932:1,0.46,51,39,2562:1,0.31,147,113,889:1,0.53,3910,-0.46,,,6480,3563,3882,44,0.00,,50,41,38,45,56,-1.57,,51,43,42,57,74756,81001,92,91,94,-0.68,27494,36813,75,69,80,-1.47,5547,66386,8.4,0.38,4,2,6,-2.11,,2,30,5,2,158673,52296,3.0,-2.25,5463,36354,15,12,18,-1.00,67,5.2,1.86,128,104,-0.66,301,47,42,52,-1.98,,,,,,,61,41,87,34,24,46,51,44,57,10.7,2.38,Yes,1.75,13,11,15,11,9,13,2,1,3,1,0,2,0.67,82,80,83,-0.16,,,,,,,73,58,87,74,66,82,76,73,79,64671,52,48,56,1.75
17095,Illinois,Knox,,862,7998,7122,8875,0.06,,,,,,,,,9610,6896,13037,,,,,,7978,6993,8962,,20,18,23,0.97,4.3,4.1,4.6,1.03,4.9,4.6,5.2,0.60,,8,7,9,-0.06,,,,,,,10,8,13,7,4,10,7,6,8,21,18,24,0.55,39,37,41,1.42,7.3,0.77,29,26,31,0.43,68,-0.53,22,21,23,-0.54,8,27,30,19,40,0.02,236,474.9,0.43,25,22,28,0.21,,,,,,,42,30,56,40,27,57,22,19,25,2578,7,6,8,0.16,25,50,1988:1,-0.10,19,39,2582:1,0.32,92,188,533:1,0.07,3988,-0.39,,,6765,7314,3848,48,-0.94,,27,44,37,49,55,-1.44,,67,44,48,55,30928,34885,89,87,90,0.52,6385,11393,56,51,61,0.89,1825,21110,8.6,0.58,18,11,26,0.57,,2,56,10,14,89710,17290,5.2,1.19,2652,9904,27,21,32,0.66,69,13.9,0.12,156,355,0.58,177,71,60,81,-0.64,,,,,,,79,47,124,,,,73,61,84,9.6,0.19,No,-0.57,12,10,13,10,8,11,2,1,2,1,0,1,0.14,82,80,85,0.04,,,,,,,66,54,79,70,56,83,84,81,87,20625,21,18,23,-1.22
17097,Illinois,Lake,,6217,5097,4902,5293,-1.54,,,,,2176,1731,2622,,12035,10944,13127,,4560,4197,4924,,4907,4651,5162,,16,14,18,-1.27,3.2,3.0,3.5,-2.30,3.8,3.5,4.0,-2.95,,8,7,8,-0.18,,,,10,9,11,14,13,15,7,7,7,6,6,7,13,11,15,-2.86,32,31,33,-1.71,8.9,-1.15,22,20,24,-2.57,96,-1.78,22,22,23,-0.08,78,229,34,31,37,0.35,2991,429.4,0.22,12,11,12,-1.23,,,,,,,29,26,32,25,23,26,4,3,4,47402,8,7,9,0.94,791,114,881:1,-2.28,831,120,835:1,-2.49,2192,316,316:1,-0.73,3732,-0.63,,1755,8049,3459,3603,45,-0.24,,39,44,36,46,55,-1.44,73,53,37,42,57,416524,458751,91,90,91,-0.18,120051,165855,72,71,74,-1.18,29411,364544,8.1,0.19,8,6,11,-1.30,13,3,32,17,4,186559,38492,4.8,0.65,30222,168935,18,17,19,-0.60,568,8.2,1.27,1057,154,-0.41,1724,49,47,52,-1.86,,,,15,11,20,90,79,102,28,25,32,57,53,60,10.2,1.39,No,-0.57,16,15,16,13,13,14,2,2,3,1,0,1,1.47,74,73,75,-2.00,68,57,78,74,71,76,71,68,74,73,71,75,79,79,80,353603,46,45,47,1.17
17099,Illinois,LaSalle,,1692,8393,7738,9049,0.28,,,,,,,,,10415,6803,15260,,4663,3375,6281,,8889,8136,9641,,19,16,21,0.23,4.0,3.7,4.3,0.04,4.7,4.4,4.9,-0.19,,8,7,8,-0.30,,,,,,,14,9,18,7,5,8,8,7,8,19,17,22,-0.13,36,35,38,0.24,7.8,0.17,29,26,31,0.43,72,-0.71,23,22,24,0.59,28,92,30,25,36,0.08,357,328.5,-0.24,23,21,25,0.04,,,,,,,52,36,72,31,26,37,21,19,23,5551,7,6,7,-0.51,42,39,2587:1,0.30,59,55,1823:1,-0.24,112,104,960:1,0.58,3836,-0.53,,,8168,2787,3825,47,-0.71,,37,41,45,48,47,-0.40,,42,39,38,47,68942,76942,90,89,91,0.21,15519,26250,59,56,62,0.50,4964,52663,9.4,1.10,16,11,20,0.05,,53,55,27,19,110554,26196,4.2,-0.35,5036,23370,22,19,24,-0.08,138,12.7,0.36,134,125,-0.56,491,90,82,98,0.46,,,,,,,78,41,133,46,30,68,96,87,105,10.2,1.39,Yes,1.75,12,11,13,11,10,12,1,1,2,1,0,1,0.33,85,83,87,0.68,,,,,,,64,56,71,81,77,84,85,83,87,50444,31,29,33,-0.22
17101,Illinois,Lawrence,,274,9378,7538,11217,0.82,,,,,,,,,,,,,,,,,,,,,21,18,24,1.37,4.3,4.0,4.6,1.00,4.8,4.6,5.1,0.34,,10,8,12,1.66,,,,,,,,,,,,,,,,22,19,24,0.94,39,37,40,1.33,7.4,0.65,30,28,33,1.18,36,0.94,22,21,23,-0.46,4,17,24,11,38,-0.44,32,204.1,-0.81,36,29,44,1.50,,,,,,,,,,,,,,,,786,7,6,9,0.29,4,26,3920:1,0.75,1,6,15467:1,1.44,43,278,360:1,-0.50,5298,0.85,,,,,,41,0.70,,,,,,47,-0.40,,,36,,47,9833,11574,85,83,87,1.74,2224,4462,50,44,56,1.67,505,5781,8.7,0.64,18,10,25,0.46,,,37,,20,102230,24453,4.2,-0.42,715,2985,24,17,31,0.26,23,14.7,-0.04,15,107,-0.64,68,86,66,108,0.21,,,,,,,,,,,,,,,,9.5,-0.01,No,-0.57,11,8,14,7,5,10,3,1,5,1,0,2,-0.17,83,79,87,0.18,,,,,,,,,,,,,,,,6313,28,22,34,-0.55
17103,Illinois,Lee,,527,6541,5662,7419,-0.75,,,,,,,,,,,,,,,,,,,,,18,16,21,-0.02,3.9,3.6,4.2,-0.18,4.6,4.3,4.9,-0.37,,7,6,8,-1.04,,,,,,,,,,,,,,,,19,17,22,-0.13,36,34,37,-0.03,8.1,-0.19,27,25,30,-0.10,65,-0.39,22,21,23,-0.19,13,26,50,41,58,1.54,113,331.4,-0.23,19,15,22,-0.44,,,,,,,,,,23,12,41,18,15,22,1536,6,5,7,-0.74,23,67,1482:1,-0.69,16,48,2103:1,0.02,208,618,162:1,-2.61,3967,-0.41,,,,,,36,1.88,,,36,31,36,41,0.38,,38,33,33,41,22448,25052,90,88,91,0.21,5396,8634,62,57,68,0.07,1172,17154,6.8,-0.64,13,8,18,-0.48,,,17,9,14,106151,22977,4.6,0.29,1327,6697,20,15,25,-0.32,45,13.2,0.26,48,142,-0.47,135,79,66,92,-0.16,,,,,,,,,,,,,,,,9.7,0.39,No,-0.57,10,8,12,8,7,10,1,1,2,2,1,3,-0.31,84,81,87,0.41,,,,,,,,,,81,70,91,83,80,85,14872,29,25,32,-0.45
17105,Illinois,Livingston,,589,9121,7985,10256,0.68,,,,,,,,,,,,,,,,,,,,,20,17,22,0.68,4.2,3.9,4.5,0.64,4.9,4.6,5.2,0.57,,8,7,9,-0.09,,,,,,,,,,11,6,16,7,6,9,21,18,23,0.60,37,35,39,0.47,7.8,0.17,30,27,32,0.96,65,-0.36,23,22,24,0.21,13,50,26,19,34,-0.25,63,176.7,-0.94,22,19,26,-0.03,,,,,,,,,,40,23,63,21,17,25,1752,7,6,7,-0.51,15,42,2377:1,0.18,16,45,2213:1,0.10,53,150,668:1,0.30,3882,-0.49,,,,1824,3885,54,-2.36,,,,22,55,55,-1.44,,,37,40,55,22686,25269,90,89,91,0.15,4658,8670,54,49,58,1.18,1069,15909,6.7,-0.72,13,8,18,-0.44,,,61,41,16,108484,25914,4.2,-0.41,2012,7728,26,21,31,0.56,59,16.6,-0.42,68,184,-0.26,173,96,82,111,0.82,,,,,,,,,,,,,,,,9.7,0.39,No,-0.57,13,11,16,11,9,13,1,1,2,2,1,3,0.73,81,80,83,-0.26,,,,,,,,,,72,45,98,82,80,84,15706,28,25,31,-0.56
17107,Illinois,Logan,,429,7415,6307,8523,-0.26,,,,,,,,,,,,,,,,,,,,,18,15,20,-0.32,3.9,3.6,4.2,-0.32,4.7,4.4,4.9,-0.25,,8,7,10,0.40,,,,,,,16,7,25,,,,8,7,9,19,16,22,-0.13,36,34,37,0.01,8.1,-0.19,27,24,30,-0.36,70,-0.61,23,22,24,0.20,12,27,44,35,53,1.13,195,681.4,1.39,21,17,24,-0.20,,,,,,,16,8,28,,,,23,19,27,1082,6,5,6,-1.35,9,31,3180:1,0.55,15,53,1892:1,-0.17,26,92,1092:1,0.66,4392,-0.01,,,,,,53,-2.12,,,,,,42,0.25,,,26,,42,18115,20138,90,89,91,0.09,4340,7327,59,54,65,0.48,817,12122,6.7,-0.70,15,9,20,-0.12,,,,59,10,113192,27018,4.2,-0.40,989,5493,18,12,24,-0.58,42,14.7,-0.04,65,233,-0.02,104,72,58,86,-0.57,,,,,,,,,,,,,,,,10.1,1.19,No,-0.57,8,7,10,7,6,9,1,0,1,1,0,1,-0.97,81,78,83,-0.34,,,,,,,,,,,,,,,,12230,31,28,35,-0.22
17109,Illinois,McDonough,,381,7131,5970,8293,-0.42,,,,,,,,,,,,,,,,,,,,,18,16,21,-0.02,4.1,3.8,4.4,0.38,4.8,4.5,5.2,0.32,,7,6,8,-0.63,,,,,,,10,6,15,,,,7,6,8,20,16,22,0.00,36,34,38,-0.08,7.3,0.77,28,25,31,0.08,62,-0.24,21,20,23,-0.98,4,15,27,13,41,-0.20,283,953.4,2.64,8,7,10,-1.63,,,,,,,,,,,,,,,,1563,7,6,9,0.22,14,47,2120:1,0.01,9,31,3255:1,0.60,60,205,488:1,-0.04,4309,-0.09,,,,,,37,1.64,,,42,,37,47,-0.40,,,39,,47,17289,18156,95,94,96,-1.64,4953,6468,77,67,86,-1.71,911,12819,7.1,-0.46,19,11,26,0.67,,,20,16,14,97316,15624,6.2,2.86,701,5090,14,9,18,-1.18,41,13.8,0.13,82,257,0.10,101,67,54,80,-0.85,,,,,,,,,,,,,,,,9.3,-0.40,No,-0.57,13,11,16,12,9,14,2,1,2,1,1,2,0.76,78,74,82,-1.14,,,,,,,,,,,,,,,,13058,17,14,20,-1.53
17111,Illinois,McHenry,,2973,5287,4979,5594,-1.44,,,,,,,,,,,,,4890,4122,5657,,5413,5063,5763,,15,13,17,-1.72,3.3,3.0,3.5,-2.08,4.1,3.8,4.4,-2.09,,6,6,7,-1.16,,,,9,7,11,8,5,11,7,6,8,6,6,7,15,13,18,-1.92,31,30,33,-2.03,8.9,-1.15,25,22,27,-1.33,88,-1.45,21,20,22,-1.15,51,126,40,36,45,0.83,741,240.8,-0.64,8,7,9,-1.66,,,,,,,15,10,23,23,20,25,4,4,5,18546,7,6,8,0.01,149,48,2066:1,-0.04,200,65,1529:1,-0.60,695,227,440:1,-0.18,4214,-0.17,,3323,5306,4309,4210,42,0.47,,38,38,34,42,54,-1.31,,53,41,44,54,195263,209283,93,93,94,-1.01,53090,73584,72,70,75,-1.15,13157,158406,8.3,0.35,7,5,9,-1.49,,10,14,20,7,155826,41690,3.7,-1.12,10887,72151,15,13,17,-0.99,223,7.2,1.45,288,96,-0.70,942,61,57,65,-1.18,,,,,,,,,,40,32,50,67,63,72,8.3,-2.40,Yes,1.75,12,12,13,11,10,12,1,1,2,1,0,1,0.42,81,80,82,-0.25,,,,76,70,81,75,63,87,78,74,83,79,77,80,160951,48,46,49,1.35
17113,Illinois,McLean,,1678,6280,5847,6713,-0.89,,,,,,,,,12116,10133,14098,,5217,3654,7223,,6007,5526,6488,,15,13,17,-1.42,3.5,3.2,3.8,-1.39,4.3,4.0,4.6,-1.35,,8,8,9,0.15,,,,11,9,13,13,11,14,7,6,9,7,6,7,16,13,19,-1.54,34,33,36,-0.80,8.1,-0.19,24,22,27,-1.47,79,-1.01,22,21,23,-0.82,22,59,37,31,44,0.59,1135,661.7,1.29,10,9,10,-1.47,,,,,,,30,26,34,18,14,23,7,6,7,7970,6,5,6,-1.17,96,56,1787:1,-0.30,114,67,1502:1,-0.64,472,276,363:1,-0.48,3899,-0.47,,,6193,1606,3710,56,-2.83,,46,48,29,57,58,-1.83,,59,39,48,59,101045,105002,96,96,97,-1.97,33787,42907,79,76,82,-1.98,5762,85103,6.8,-0.68,10,6,13,-1.02,,4,43,19,8,133132,24264,5.5,1.67,8224,36998,22,19,25,0.02,204,11.9,0.52,497,287,0.25,499,58,53,63,-1.36,,,,,,,90,70,114,28,14,48,60,54,66,9.9,0.79,Yes,1.75,13,12,14,11,10,13,1,1,2,1,0,1,0.53,79,78,80,-0.72,,,,70,63,78,73,66,80,73,68,78,81,80,82,85155,16,15,17,-1.63
17115,Illinois,Macon,,1780,9414,8716,10113,0.84,,,,,,,,,14605,12639,16572,,,,,,8006,7291,8721,,19,17,22,0.53,4.1,3.8,4.4,0.36,4.9,4.6,5.2,0.41,,10,10,11,1.77,,,,10,6,15,15,14,17,10,6,14,8,7,8,21,18,23,0.43,38,37,40,1.01,7.5,0.53,29,27,32,0.70,78,-0.97,21,20,22,-1.55,29,63,46,40,52,1.25,961,924.0,2.50,31,28,33,0.88,,,,,,,60,54,67,17,9,28,21,19,23,4788,6,5,7,-0.97,92,88,1131:1,-1.42,65,63,1585:1,-0.52,166,161,621:1,0.23,5554,1.09,,,7934,1995,5251,48,-0.94,,33,46,,49,50,-0.79,,53,34,36,52,65984,72285,91,90,92,-0.34,15988,24499,65,61,69,-0.28,4665,47177,9.9,1.41,18,11,25,0.52,,,44,31,14,103079,22740,4.5,0.15,7141,23282,31,27,35,1.21,162,15.6,-0.22,417,390,0.75,436,83,75,91,0.08,,,,,,,98,79,119,,,,82,73,91,10.4,1.79,No,-0.57,13,12,14,12,10,13,1,1,1,1,1,1,0.60,85,84,87,0.77,,,,,,,83,78,89,76,67,85,88,88,88,45446,14,12,15,-1.87
17117,Illinois,Macoupin,,722,8154,7157,9151,0.15,,,,,,,,,,,,,,,,,,,,,18,15,20,-0.17,4.1,3.8,4.4,0.25,4.9,4.6,5.3,0.61,,10,9,11,1.71,,,,,,,,,,,,,,,,20,17,24,0.38,37,35,38,0.33,8.2,-0.31,27,24,30,-0.27,61,-0.20,23,22,24,0.53,9,29,31,21,41,0.12,134,298.3,-0.38,22,19,25,-0.08,,,,,,,,,,,,,,,,2355,7,6,8,-0.36,11,24,4084:1,0.79,15,34,2971:1,0.50,28,63,1592:1,0.84,4235,-0.16,,,,,,45,-0.24,,,57,46,45,40,0.51,,,35,60,39,29441,32156,92,90,93,-0.43,6005,10176,59,54,64,0.51,1523,22119,6.9,-0.60,15,9,20,-0.14,,,16,53,19,106772,24223,4.4,-0.05,2094,9598,22,17,27,-0.04,70,15.6,-0.22,75,170,-0.33,218,96,84,109,0.83,,,,,,,,,,,,,,,,9.7,0.39,No,-0.57,11,9,12,9,7,11,1,1,2,1,1,1,-0.15,84,82,86,0.48,,,,,,,,,,,,,,,,19935,43,39,46,0.85
17119,Illinois,Madison,,4138,8623,8213,9032,0.40,,,,,,,,,14866,13150,16583,,4204,2815,6038,,8174,7745,8604,,17,14,19,-0.82,3.8,3.5,4.1,-0.57,4.6,4.3,4.9,-0.34,,9,8,9,0.57,,,,6,3,9,14,13,15,6,4,7,8,7,8,19,16,22,-0.30,38,36,39,0.83,7.5,0.53,26,23,29,-0.76,73,-0.76,24,23,25,1.43,56,168,33,29,37,0.30,1244,473.1,0.43,20,18,21,-0.36,,,,,,,43,38,48,30,23,37,15,14,17,13796,6,6,7,-0.58,121,46,2173:1,0.05,238,91,1104:1,-1.48,487,185,539:1,0.08,5046,0.61,,3967,9059,3042,4847,44,0.00,,21,36,31,44,52,-1.05,,46,37,48,53,171753,185257,93,92,93,-0.81,48896,67818,72,69,75,-1.14,10182,131452,7.7,-0.03,13,9,16,-0.49,,3,47,20,11,120970,26447,4.6,0.21,13521,57670,23,21,26,0.19,355,13.5,0.20,581,249,0.06,1318,100,94,105,1.02,,,,,,,106,88,124,36,21,58,103,97,109,11.2,3.38,No,-0.57,13,12,14,11,10,12,1,1,2,1,1,1,0.66,84,84,85,0.56,,,,79,70,89,76,71,81,72,65,78,85,84,86,126394,40,38,41,0.57
17121,Illinois,Marion,,758,11371,10087,12655,1.92,,,,,,,,,,,,,,,,,,,,,20,18,23,0.92,4.4,4.1,4.7,1.11,5.1,4.8,5.4,1.18,,9,8,10,0.86,,,,,,,12,8,16,,,,9,8,10,22,19,25,0.98,37,35,39,0.56,7.1,1.01,29,26,32,0.74,56,0.04,22,20,23,-0.91,7,36,19,11,29,-0.74,227,610.1,1.06,40,36,45,2.00,,,,,,,40,26,60,,,,41,36,46,2057,7,6,8,-0.07,11,30,3382:1,0.61,15,40,2470:1,0.26,137,370,270:1,-1.07,6096,1.60,,,12606,,5969,40,0.94,,,39,45,40,47,-0.40,,40,32,40,47,23427,26188,89,88,91,0.26,5412,8883,61,56,66,0.27,1591,17114,9.3,1.02,21,13,28,1.06,,,36,65,25,94573,21173,4.5,0.04,2183,8625,25,20,31,0.45,79,21.2,-1.36,128,347,0.54,191,102,87,116,1.13,,,,,,,135,72,231,,,,101,86,116,9.5,-0.01,No,-0.57,12,11,14,9,8,11,2,1,2,2,1,2,0.34,85,84,86,0.67,,,,,,,,,,,,,,,,15885,24,21,27,-0.88
17123,Illinois,Marshall,,188,7940,6003,9876,0.03,,,,,,,,,,,,,,,,,,,,,17,15,19,-0.67,3.9,3.6,4.1,-0.36,4.7,4.4,5.0,-0.03,,8,6,10,0.06,,,,,,,,,,,,,,,,19,17,22,-0.04,35,33,37,-0.48,8.5,-0.67,26,24,29,-0.63,42,0.70,24,22,25,0.84,6,15,40,26,53,0.79,36,314.7,-0.30,27,20,35,0.44,,,,,,,,,,,,,,,,572,7,6,8,-0.42,1,9,11438:1,1.33,4,35,2827:1,0.44,,,,0.00,4449,0.05,,,,,,43,0.23,,,,,,47,-0.40,,,,91,47,7741,8379,92,91,94,-0.71,1594,2418,66,59,73,-0.36,375,5085,7.4,-0.28,12,7,17,-0.55,,,,26,15,102556,22537,4.6,0.17,374,2372,16,11,20,-0.90,22,19.2,-0.96,18,161,-0.38,48,83,61,110,0.06,,,,,,,,,,,,,,,,9.7,0.39,No,-0.57,9,7,11,8,6,10,1,0,2,0,0,1,-0.66,87,84,89,1.09,,,,,,,,,,,,,,,,5034,45,40,50,1.10
17125,Illinois,Mason,,261,9743,7614,11871,1.02,,,,,,,,,,,,,,,,,,,,,19,17,22,0.43,4.2,4.0,4.5,0.74,5.0,4.7,5.4,0.95,,8,6,9,-0.30,,,,,,,,,,,,,,,,22,19,25,0.94,36,34,38,-0.03,7.0,1.13,29,26,32,0.56,51,0.27,22,21,24,-0.08,1,12,8,0,27,-1.58,44,329.4,-0.24,26,21,33,0.41,,,,,,,,,,,,,,,,704,7,6,8,-0.20,3,22,4453:1,0.86,5,38,2635:1,0.35,4,30,3293:1,1.04,3780,-0.58,,,,,,46,-0.47,,,,,,40,0.51,,,,,,8719,9785,89,87,91,0.37,1625,2977,55,47,62,1.07,476,5916,8.0,0.18,20,13,27,0.89,,,,,,105021,24164,4.3,-0.15,497,2781,18,12,23,-0.60,20,15.0,-0.10,36,364,0.63,58,86,65,111,0.25,,,,,,,,,,,,,,,,9.7,0.39,No,-0.57,10,8,12,9,6,11,1,0,2,1,0,1,-0.38,78,74,81,-1.16,,,,,,,,,,,,,,,,6024,46,40,52,1.16
17127,Illinois,Massac,,274,10592,8523,12661,1.49,,,,,,,,,,,,,,,,,,,,,20,18,23,1.02,4.4,4.1,4.7,1.13,5.1,4.8,5.4,1.18,,8,7,10,0.43,,,,,,,,,,,,,,,,22,19,24,0.98,37,35,38,0.38,7.7,0.29,30,27,33,0.96,56,0.06,22,21,24,-0.21,7,20,35,23,47,0.42,41,297.7,-0.38,33,27,41,1.21,,,,,,,56,31,94,,,,32,25,40,764,7,6,8,0.03,2,15,6886:1,1.13,5,37,2727:1,0.39,49,359,278:1,-1.00,5184,0.74,,,8460,,4935,46,-0.47,,,50,,45,47,-0.40,,,31,,48,8928,10064,89,86,91,0.50,1875,3234,58,50,66,0.64,541,5424,10.0,1.47,23,14,32,1.44,,,62,31,15,94438,19453,4.9,0.66,577,3087,19,12,26,-0.48,21,15.2,-0.16,47,318,0.40,62,88,67,113,0.35,,,,,,,,,,,,,,,,9.6,0.19,No,-0.57,13,10,16,10,8,13,2,1,4,0,0,1,0.55,88,84,93,1.53,,,,,,,,,,,,,,,,5620,27,21,32,-0.66
17129,Illinois,Menard,,160,6500,4911,8089,-0.77,,,,,,,,,,,,,,,,,,,,,15,14,18,-1.37,3.6,3.4,3.9,-1.02,4.6,4.3,4.9,-0.46,,8,7,10,0.44,,,,,,,,,,,,,,,,18,15,21,-0.64,34,32,36,-0.76,8.8,-1.03,25,22,27,-1.38,61,-0.18,24,22,25,0.92,5,10,50,34,63,1.54,24,196.8,-0.85,11,7,16,-1.31,,,,,,,,,,,,,,,,563,6,5,7,-1.13,4,33,3049:1,0.50,1,8,12068:1,1.38,5,41,2414:1,0.97,3675,-0.68,,,,,,48,-0.94,,,,,,40,0.51,,,,,,8255,8667,95,94,97,-1.65,1864,2744,68,59,77,-0.62,391,6101,6.4,-0.93,11,7,15,-0.83,,,,,,122270,36354,3.4,-1.72,583,2742,21,14,29,-0.12,13,10.7,0.77,10,84,-0.76,67,109,85,139,1.57,,,,,,,,,,,,,,,,9.7,0.39,No,-0.57,8,6,11,7,5,9,1,1,2,1,0,2,-0.91,82,79,85,-0.01,,,,,,,,,,,,,,,,6105,45,40,51,1.11
17131,Illinois,Mercer,,231,6407,4964,7849,-0.82,,,,,,,,,,,,,,,,,,,,,17,14,19,-0.82,3.8,3.6,4.1,-0.44,4.7,4.4,5.0,-0.05,,8,7,10,0.45,,,,,,,,,,,,,,,,19,16,22,-0.04,35,33,37,-0.44,8.1,-0.19,26,24,29,-0.54,24,1.52,24,23,25,0.95,1,2,50,10,77,1.54,43,278.6,-0.47,18,14,24,-0.50,,,,,,,,,,,,,,,,764,6,5,7,-0.63,1,6,15437:1,1.41,4,26,3806:1,0.75,3,20,5075:1,1.11,3201,-1.13,,,,,,50,-1.41,,,,,,46,-0.27,,,,,,10244,11108,92,91,94,-0.65,2167,3390,64,57,71,-0.11,617,7689,8.0,0.16,12,8,17,-0.59,,,,28,14,105883,27149,3.9,-0.87,594,3324,18,12,23,-0.60,26,16.8,-0.48,15,96,-0.70,69,89,69,113,0.40,,,,,,,,,,,,,,,,9.3,-0.40,No,-0.57,10,7,12,8,6,10,1,0,1,2,1,3,-0.53,87,84,90,1.31,,,,,,,,,,,,,,,,7256,45,41,50,1.11
17133,Illinois,Monroe,,352,5100,4219,5982,-1.54,,,,,,,,,,,,,,,,,,,,,13,11,15,-2.67,3.2,2.9,3.5,-2.33,4.2,3.9,4.6,-1.65,,8,7,9,-0.08,,,,,,,,,,,,,,,,15,12,18,-1.79,31,30,33,-2.03,9.2,-1.51,21,19,24,-2.83,70,-0.62,26,24,27,2.69,3,13,23,9,39,-0.47,75,216.5,-0.76,6,4,8,-1.86,,,,,,,,,,,,,,,,1092,4,3,4,-2.83,13,38,2664:1,0.34,28,81,1241:1,-1.13,51,147,681:1,0.32,4063,-0.32,,,,,,53,-2.12,,,,,,52,-1.05,,,,,,23423,24447,96,95,97,-1.84,6841,8251,83,75,91,-2.51,1023,18386,5.6,-1.49,4,2,5,-2.20,,,,,,154606,39258,3.9,-0.80,898,7663,12,8,16,-1.47,52,15.0,-0.11,11,31,-1.02,92,54,43,66,-1.62,,,,,,,,,,,,,,,,9.1,-0.80,No,-0.57,10,8,13,9,7,11,1,0,1,1,0,2,-0.29,84,82,86,0.50,,,,,,,,,,,,,,,,18286,53,47,58,1.78
17135,Illinois,Montgomery,,460,9457,8033,10881,0.86,,,,,,,,,,,,,,,,,,,,,20,17,22,0.68,4.2,3.9,4.6,0.69,4.9,4.6,5.2,0.57,,9,8,10,1.07,,,,,,,,,,,,,,,,21,18,24,0.77,39,37,41,1.38,7.7,0.29,29,26,32,0.70,32,1.16,22,21,24,-0.11,7,36,19,11,29,-0.74,80,281.6,-0.46,24,20,29,0.20,,,,,,,,,,,,,,,,1431,7,6,8,-0.08,12,42,2368:1,0.18,18,64,1558:1,-0.56,22,78,1275:1,0.74,4269,-0.12,,,,,,47,-0.71,,,,,,31,1.68,,,,31,31,18347,20836,88,87,89,0.72,4011,7124,56,51,62,0.86,998,11453,8.7,0.62,17,10,24,0.35,,,,17,21,101874,20129,5.1,0.99,1151,5735,20,10,30,-0.29,41,14.4,0.01,37,132,-0.52,139,97,81,114,0.88,,,,,,,,,,,,,,,,9.6,0.19,Yes,1.75,10,8,12,8,6,10,1,1,2,1,0,2,-0.39,83,79,87,0.25,,,,,,,,,,,,,,,,11504,33,29,38,-0.03
17137,Illinois,Morgan,,546,8247,7128,9366,0.20,,,,,,,,,,,,,,,,,,,,,19,16,21,0.23,4.1,3.8,4.4,0.28,4.8,4.5,5.1,0.28,,10,9,11,1.76,,,,,,,14,10,19,,,,9,8,11,21,18,23,0.51,36,34,37,-0.08,7.2,0.89,28,26,31,0.26,57,-0.01,23,22,24,0.01,12,23,52,43,61,1.71,156,463.5,0.38,21,18,24,-0.19,,,,,,,30,17,47,,,,21,18,25,1470,6,5,7,-0.89,15,45,2244:1,0.10,17,51,1965:1,-0.10,41,123,815:1,0.47,3824,-0.54,,,,3013,3875,44,0.00,,,23,,45,50,-0.79,,,41,36,50,21322,23741,90,88,92,0.14,4675,8184,57,51,63,0.75,1089,15873,6.9,-0.62,15,9,21,-0.03,,,16,42,17,103477,22371,4.6,0.29,1848,6418,29,22,35,0.95,43,12.8,0.34,56,169,-0.34,135,80,66,93,-0.12,,,,,,,,,,,,,,,,9.5,-0.01,No,-0.57,13,10,15,11,8,13,1,0,2,2,1,2,0.45,83,80,86,0.18,,,,,,,,,,,,,,,,14949,27,23,30,-0.64
17139,Illinois,Moultrie,,194,6445,4998,7893,-0.80,,,,,,,,,,,,,,,,,,,,,18,15,21,-0.27,4.0,3.6,4.3,-0.04,4.9,4.5,5.2,0.42,,7,5,8,-1.06,,,,,,,,,,,,,,,,20,17,24,0.38,35,32,36,-0.62,9.1,-1.39,27,24,30,-0.32,59,-0.09,24,22,25,0.84,1,9,11,1,33,-1.37,40,275.8,-0.48,16,12,21,-0.77,,,,,,,,,,,,,,,,993,9,7,10,1.29,5,34,2900:1,0.44,2,14,7174:1,1.18,27,188,531:1,0.06,5840,1.36,,,,,,45,-0.24,,,,,,50,-0.79,,,,,,8446,9817,86,83,89,1.39,1982,3356,59,51,67,0.51,367,7292,5.0,-1.85,12,7,16,-0.64,,,,15,12,104823,28325,3.7,-1.18,655,3664,18,9,26,-0.60,21,14.5,0.00,,,0.00,59,81,61,104,-0.06,,,,,,,,,,,,,,,,9.6,0.19,No,-0.57,11,9,13,7,5,9,3,2,5,2,1,3,-0.03,77,73,82,-1.23,,,,,,,,,,,,,,,,6620,34,29,39,0.04
17141,Illinois,Ogle,,696,6749,5946,7552,-0.63,,,,,,,,,,,,,,,,,,,,,17,15,19,-0.47,3.8,3.5,4.1,-0.55,4.5,4.2,4.8,-0.59,,7,6,8,-0.75,,,,,,,,,,6,4,8,7,6,8,18,16,21,-0.60,35,34,37,-0.21,8.5,-0.67,26,24,29,-0.63,57,0.00,23,22,24,0.55,7,27,26,16,37,-0.26,142,280.4,-0.46,14,12,17,-0.94,,,,,,,,,,29,22,38,11,9,14,2926,7,6,8,0.09,32,63,1583:1,-0.55,20,40,2515:1,0.29,84,167,599:1,0.19,3846,-0.52,,,7365,1241,3815,38,1.41,,,,27,39,50,-0.79,,,51,43,50,32091,35492,90,89,92,-0.06,7452,11761,63,58,68,-0.04,1962,24161,8.1,0.23,11,7,15,-0.78,,,76,17,14,110864,28920,3.8,-0.97,2051,11404,18,14,22,-0.58,71,14.0,0.09,29,71,-0.82,162,64,54,74,-1.04,,,,,,,,,,,,,,,,9.7,0.39,No,-0.57,12,10,14,10,8,11,2,1,3,0,0,1,0.35,82,80,84,-0.06,,,,,,,,,,78,69,87,80,77,82,24013,38,34,41,0.38
17143,Illinois,Peoria,,2628,9002,8494,9510,0.61,,,,,,,,,16832,15255,18409,,5202,3663,7170,,7424,6887,7960,,18,16,20,-0.12,3.9,3.6,4.1,-0.33,4.6,4.3,4.9,-0.48,,10,9,10,1.61,,,,7,5,8,15,15,16,6,5,8,8,7,8,18,15,20,-0.77,39,38,41,1.56,7.3,0.77,27,24,29,-0.36,75,-0.82,20,19,21,-2.34,32,86,37,32,43,0.59,1578,880.7,2.30,32,30,33,1.01,,,,,,,71,66,76,35,29,43,16,14,17,10443,7,6,8,0.14,235,131,762:1,-2.89,160,90,1110:1,-1.46,475,267,374:1,-0.43,3873,-0.50,,,6045,3156,3594,47,-0.71,,51,46,38,47,52,-1.05,,46,38,44,54,111994,121992,92,91,92,-0.52,33252,46720,71,68,74,-1.03,8668,83684,10.4,1.73,20,14,25,0.84,5,1,41,27,10,112034,21714,5.2,1.15,13346,42892,31,28,34,1.27,240,13.4,0.22,979,524,1.42,804,89,83,95,0.40,,,,,,,119,103,135,29,15,50,89,81,96,9.4,-0.21,No,-0.57,14,12,15,12,11,14,1,1,2,1,1,1,0.80,83,82,84,0.13,,,,77,70,84,83,77,88,79,72,85,86,85,87,78861,14,13,15,-1.82
17145,Illinois,Perry,,304,7539,6189,8889,-0.19,,,,,,,,,,,,,,,,,,,,,21,18,23,1.22,4.4,4.1,4.7,1.05,4.9,4.6,5.2,0.59,,7,6,9,-0.54,,,,,,,,,,,,,,,,22,19,25,1.11,40,38,41,1.65,7.4,0.65,30,28,33,1.23,74,-0.77,22,21,23,-0.17,6,16,38,24,50,0.61,86,411.2,0.14,27,22,33,0.50,,,,,,,,,,,,,,,,1008,7,6,8,-0.14,10,48,2092:1,-0.02,8,39,2583:1,0.32,41,198,504:1,0.00,4200,-0.19,,,,,,42,0.47,,,64,,42,35,1.16,,,18,,35,12707,15264,83,81,86,2.31,2750,5661,49,43,54,1.83,763,8093,9.4,1.10,17,11,22,0.24,,,,63,26,99454,18398,5.4,1.54,1482,4052,37,28,45,2.05,53,25.3,-2.18,28,131,-0.52,74,70,55,88,-0.66,,,,,,,,,,,,,,,,9.1,-0.80,No,-0.57,11,8,14,10,7,13,1,0,2,1,0,2,0.02,85,83,87,0.70,,,,,,,,,,,,,,,,7795,36,31,41,0.22
17147,Illinois,Piatt,,172,5243,3869,6618,-1.46,,,,,,,,,,,,,,,,,,,,,14,12,17,-1.87,3.4,3.1,3.7,-1.66,4.4,4.0,4.7,-1.03,,6,5,7,-1.41,,,,,,,,,,,,,,,,17,14,20,-1.03,32,30,34,-1.57,9.2,-1.51,24,21,27,-1.73,47,0.46,25,23,26,1.73,7,11,64,51,73,2.56,34,208.0,-0.79,12,9,16,-1.21,,,,,,,,,,,,,,,,744,6,5,7,-1.24,9,55,1816:1,-0.27,5,31,3271:1,0.60,11,67,1487:1,0.81,2861,-1.45,,,,,,45,-0.24,,,,,,50,-0.79,,,,,,10861,11579,94,92,95,-1.17,2727,3822,71,62,80,-1.05,453,8462,5.4,-1.63,7,4,10,-1.53,,,,,,123011,34762,3.5,-1.44,501,3669,14,8,19,-1.19,23,14.1,0.08,25,167,-0.35,58,71,54,91,-0.64,,,,,,,,,,,,,,,,9.6,0.19,Yes,1.75,7,5,9,6,4,8,0,0,1,1,1,2,-1.34,88,86,89,1.33,,,,,,,,,,,,,,,,8191,37,32,42,0.33
17149,Illinois,Pike,,266,8156,6535,9777,0.15,,,,,,,,,,,,,,,,,,,,,19,17,22,0.63,4.3,4.0,4.7,0.90,5.1,4.7,5.4,1.02,,7,6,8,-0.74,,,,,,,,,,,,,,,,22,19,25,0.94,37,35,38,0.29,7.5,0.53,29,26,32,0.65,36,0.95,22,21,23,-0.34,16,22,73,66,78,3.00,33,212.1,-0.78,29,23,36,0.72,,,,,,,,,,,,,,,,916,8,7,9,0.54,9,58,1729:1,-0.36,8,52,1905:1,-0.16,14,92,1089:1,0.66,4572,0.16,,,,,,45,-0.24,,,,,,21,2.98,,,,,,9766,10890,90,88,92,0.19,1822,3527,52,45,59,1.44,405,6753,6.0,-1.20,18,11,25,0.54,,,,15,17,94189,19561,4.8,0.60,914,3489,26,18,34,0.58,13,8.4,1.23,15,94,-0.71,67,86,66,109,0.22,,,,,,,,,,,,,,,,9.1,-0.80,No,-0.57,10,8,12,8,5,10,1,0,2,1,1,2,-0.46,79,74,84,-0.80,,,,,,,,,,,,,,,,6633,41,36,46,0.71
17151,Illinois,Pope,x,,,,,0.00,,,,,,,,,,,,,,,,,,,,,20,17,23,0.73,4.3,4.0,4.6,0.91,5.0,4.7,5.3,0.96,x,11,6,15,2.09,,,,,,,,,,,,,,,,22,19,25,0.98,36,35,38,0.20,6.9,1.25,29,26,32,0.65,98,-1.88,23,22,24,0.14,4,6,67,49,78,2.79,4,95.8,-1.31,33,21,49,1.14,,,,,,,,,,,,,,,,246,8,7,10,1.14,,,,0.00,,,,0.00,2,48,2071:1,0.93,4077,-0.30,,,,,,43,0.23,,,,,,29,1.94,,,,,,3006,3385,89,85,92,0.47,421,791,53,37,70,1.24,130,1643,7.9,0.09,23,13,32,1.44,,,,,,92220,13886,6.6,3.00,114,614,19,7,30,-0.50,8,19.2,-0.94,,,0.00,22,105,66,159,1.30,,,,,,,,,,,,,,,,9.4,-0.21,No,-0.57,8,5,12,7,3,11,1,0,3,1,0,3,-0.99,84,74,94,0.45,,,,,,,,,,,,,,,,1121,56,38,74,2.09
17153,Illinois,Pulaski,,129,10745,7410,14080,1.58,,,,,,,,,,,,,,,,,,,,,24,22,26,3.00,4.8,4.6,5.1,2.49,5.3,5.1,5.6,1.81,,12,9,15,3.00,,,,,,,11,5,16,,,,13,9,17,24,21,26,1.79,42,40,43,2.74,6.4,1.86,34,32,37,2.95,39,0.83,19,18,20,-2.91,2,7,29,9,50,-0.06,25,468.6,0.41,30,21,42,0.83,,,,,,,25,13,45,,,,35,22,54,342,8,7,10,1.17,,,,0.00,,,,0.00,2,38,2601:1,0.99,2624,-1.68,,,1368,,2574,45,-0.24,,,48,,45,36,1.03,,,23,,41,3442,3840,90,87,92,0.20,608,1119,54,42,67,1.10,206,1768,11.7,2.60,32,20,43,3.00,,,47,,17,71774,15719,4.6,0.20,524,1156,45,31,60,3.00,11,20.6,-1.24,17,351,0.56,25,92,60,136,0.59,,,,,,,,,,,,,,,,9.2,-0.60,No,-0.57,13,10,17,11,8,15,1,0,2,2,1,3,0.73,81,74,88,-0.31,,,,,,,,,,,,,,,,1783,55,43,66,1.98
17155,Illinois,Putnam,x,,,,,0.00,,,,,,,,,,,,,,,,,,,,,16,14,18,-1.07,3.7,3.4,3.9,-0.90,4.5,4.3,4.8,-0.59,,7,4,10,-0.53,,,,,,,,,,,,,,,,18,16,21,-0.56,35,33,36,-0.62,9.0,-1.27,25,23,28,-1.02,20,1.68,24,23,25,1.24,4,8,50,32,65,1.54,26,453.0,0.33,12,6,20,-1.21,,,,,,,,,,,,,,,,276,6,5,7,-0.71,1,17,5739:1,1.03,2,35,2858:1,0.45,,,,0.00,2216,-2.06,,,,,,44,0.00,,,,,,39,0.64,,,,,,3911,4205,93,91,95,-0.91,795,1230,65,55,74,-0.20,244,2942,8.3,0.34,12,7,16,-0.70,,,,7,14,110132,29820,3.7,-1.20,235,1129,21,13,28,-0.18,0,0.0,2.91,1,12,-1.12,31,109,74,154,1.53,,,,,,,,,,,,,,,,9.6,0.19,No,-0.57,8,6,10,6,3,10,1,0,3,0,0,1,-1.09,87,84,90,1.15,,,,,,,,,,,,,,,,2771,33,27,39,-0.05
17157,Illinois,Randolph,,511,8262,7056,9468,0.21,,,,,,,,,,,,,,,,,,,,,20,18,23,1.12,4.3,4.0,4.5,0.76,4.9,4.6,5.1,0.35,,8,7,9,-0.09,,,,,,,16,9,23,,,,7,6,8,22,19,24,0.94,38,37,40,1.15,8.3,-0.43,30,27,33,1.09,59,-0.10,23,22,24,0.08,10,30,33,24,43,0.30,128,402.7,0.10,30,26,35,0.83,,,,,,,48,28,77,,,,28,24,33,1426,7,6,8,-0.47,15,47,2119:1,0.00,12,38,2613:1,0.34,35,112,896:1,0.54,5355,0.90,,,5214,,5306,44,0.00,,,44,,44,30,1.81,,,25,,30,19709,23242,85,83,87,1.79,4222,8452,50,45,55,1.66,978,13764,7.1,-0.46,16,9,22,0.05,,,11,52,17,100961,24084,4.2,-0.40,1518,6118,25,19,30,0.38,62,19.5,-1.01,30,97,-0.69,152,95,80,110,0.74,,,,,,,57,27,105,,,,103,86,120,7.8,-3.39,Yes,1.75,7,5,8,5,4,7,1,0,1,1,0,2,-1.46,84,81,87,0.53,,,,,,,,,,,,,,,,12971,35,31,39,0.13
17159,Illinois,Richland,,272,8262,6688,9837,0.21,,,,,,,,,,,,,,,,,,,,,19,16,22,0.23,4.2,3.9,4.5,0.54,5.0,4.6,5.3,0.72,,7,5,8,-0.81,,,,,,,,,,,,,,,,21,17,24,0.51,37,35,38,0.29,8.0,-0.07,28,25,31,0.08,55,0.08,23,21,24,-0.05,0,12,0,0,18,-2.20,39,251.4,-0.59,32,26,40,1.10,,,,,,,,,,,,,,,,926,8,6,9,0.48,9,58,1724:1,-0.37,4,26,3877:1,0.77,71,458,218:1,-1.61,5505,1.04,,,,,,40,0.94,,,,,,47,-0.40,,,,,,9977,10968,91,89,93,-0.24,2428,3571,68,59,77,-0.62,498,7362,6.8,-0.69,16,10,22,0.09,,,,71,11,100496,24694,4.1,-0.59,705,3609,20,13,26,-0.36,29,18.7,-0.85,54,334,0.48,61,78,59,100,-0.24,,,,,,,,,,,,,,,,9.4,-0.21,No,-0.57,10,7,12,8,5,10,0,0,1,2,1,3,-0.54,84,81,87,0.44,,,,,,,,,,,,,,,,7219,24,19,29,-0.86
17161,Illinois,Rock Island,,2105,7527,7011,8043,-0.20,,,,,,,,,12160,10285,14036,,5262,4075,6449,,7222,6618,7827,,18,16,20,0.03,3.9,3.6,4.2,-0.29,4.5,4.2,4.8,-0.70,,8,7,8,-0.08,,,,7,5,9,11,10,12,7,6,8,7,6,8,19,16,21,-0.34,35,34,36,-0.48,8.1,-0.19,27,25,29,-0.27,75,-0.83,21,20,22,-1.46,20,52,38,31,45,0.68,807,568.8,0.87,28,26,30,0.57,,,,22,13,35,59,52,66,33,29,38,20,18,22,8856,8,7,9,0.86,72,51,1971:1,-0.12,101,72,1395:1,-0.82,357,253,395:1,-0.34,4108,-0.27,,,4819,3565,4094,51,-1.65,,51,46,41,51,54,-1.31,,48,34,46,56,87415,98374,89,88,90,0.46,21650,34530,63,59,66,0.05,6472,68915,9.4,1.08,19,14,24,0.67,52,27,45,28,15,106584,24131,4.4,-0.04,9664,31801,30,27,34,1.17,175,12.3,0.43,505,347,0.54,596,83,77,90,0.08,,,,,,,76,59,98,35,24,50,95,87,103,9.3,-0.40,Yes,1.75,14,13,15,11,10,12,2,1,3,1,1,2,0.85,83,82,84,0.14,,,,71,62,79,70,64,76,79,74,84,88,86,89,65256,18,16,19,-1.46
17163,Illinois,St. Clair,,4143,10086,9628,10544,1.21,,,,,,,,,16100,15080,17120,,2860,1868,4190,,7714,7213,8215,,19,17,21,0.38,3.9,3.6,4.1,-0.28,4.6,4.3,4.9,-0.43,,10,10,11,2.06,,,,8,6,11,15,14,16,6,5,7,7,7,8,18,16,21,-0.47,38,37,39,0.92,7.5,0.53,30,28,33,1.05,76,-0.88,22,21,23,-0.69,58,166,35,31,39,0.42,2335,899.2,2.39,25,24,26,0.28,,,,,,,44,41,46,23,18,29,13,11,14,15294,7,6,8,0.06,163,63,1593:1,-0.53,182,71,1418:1,-0.78,368,143,701:1,0.34,5430,0.97,,1867,8014,1368,4573,43,0.23,,45,37,37,45,46,-0.27,,46,32,42,49,163397,178199,92,91,92,-0.48,46090,67387,68,65,71,-0.67,11319,125155,9.0,0.85,19,13,25,0.76,,1,41,33,8,117692,21967,5.4,1.46,22199,61233,36,33,39,2.00,283,10.9,0.72,1590,615,1.87,1189,91,86,96,0.53,,,,,,,122,111,133,26,14,43,83,77,89,10.3,1.59,No,-0.57,15,14,16,13,12,14,1,1,2,1,1,1,1.19,82,81,84,0.06,,,,84,74,95,77,73,81,75,66,83,86,85,87,123831,36,33,38,0.18
17165,Illinois,Saline,,511,11303,9719,12888,1.88,,,,,,,,,,,,,,,,,,,,,21,18,24,1.32,4.6,4.2,4.9,1.64,5.2,4.9,5.6,1.52,,9,8,10,0.86,,,,,,,15,6,23,,,,9,8,10,22,19,26,1.24,39,37,41,1.24,7.0,1.13,30,27,34,1.23,52,0.24,21,20,23,-0.96,4,19,21,10,35,-0.62,93,395.9,0.07,43,36,49,2.23,,,,,,,,,,,,,,,,1366,8,6,9,0.38,15,64,1566:1,-0.57,7,30,3312:1,0.62,51,220,455:1,-0.14,5940,1.46,,,11102,,5808,39,1.17,,,21,,39,23,2.72,,,11,,23,14885,17031,87,85,90,0.94,3932,5688,69,62,76,-0.77,929,9534,9.7,1.32,21,12,30,1.15,,,17,,22,89870,17472,5.1,1.12,1332,5111,26,18,34,0.56,46,19.6,-1.03,80,346,0.54,118,99,81,117,0.99,,,,,,,,,,,,,,,,9.3,-0.40,No,-0.57,14,12,16,12,10,14,2,1,3,1,0,2,0.97,85,81,88,0.69,,,,,,,,,,,,,,,,9458,34,29,38,0.00
17167,Illinois,Sangamon,,2767,7883,7418,8349,0.00,,,,,,,,,13470,11887,15052,,,,,,7248,6748,7748,,17,14,19,-0.72,3.7,3.4,4.0,-0.82,4.5,4.2,4.9,-0.66,,11,10,11,2.29,,,,9,6,11,18,16,19,8,6,11,9,8,9,18,15,20,-0.86,36,34,38,0.01,8.1,-0.19,26,23,29,-0.67,72,-0.71,24,23,25,1.02,20,94,21,16,27,-0.61,1395,716.6,1.55,22,21,24,-0.06,,,,,,,49,44,54,35,25,47,15,13,16,10156,6,6,7,-0.53,232,119,839:1,-2.48,167,86,1161:1,-1.32,495,255,392:1,-0.36,5024,0.59,,5175,8728,,4737,48,-0.94,,45,40,29,48,53,-1.18,,54,38,47,54,126157,136380,93,92,93,-0.75,35123,48734,72,69,75,-1.14,7953,96869,8.2,0.29,16,12,21,0.18,,8,53,19,12,119458,25670,4.7,0.34,14380,43450,33,30,36,1.55,369,19.0,-0.90,1567,815,2.86,810,83,77,89,0.06,,,,,,,78,63,93,,,,87,80,93,9.5,-0.01,No,-0.57,14,13,15,12,11,13,2,1,2,1,0,1,0.83,82,81,84,0.03,,,,86,79,92,72,66,78,80,74,85,84,83,86,91981,16,14,17,-1.69
17169,Illinois,Schuyler,,114,8875,5884,11866,0.54,,,,,,,,,,,,,,,,,,,,,19,16,22,0.28,4.1,3.8,4.5,0.43,4.9,4.5,5.2,0.36,,8,5,10,-0.23,,,,,,,,,,,,,,,,21,18,24,0.51,36,34,38,0.15,7.5,0.53,28,25,31,0.21,27,1.39,23,21,24,0.09,2,11,18,4,37,-0.84,10,147.8,-1.07,16,10,25,-0.73,,,,,,,,,,,,,,,,376,7,6,9,0.19,1,15,6768:1,1.12,,,,0.00,7,104,963:1,0.58,3057,-1.27,,,,,,43,0.23,,,,,,36,1.03,,,,,,4785,5256,91,88,94,-0.26,956,1491,64,52,76,-0.13,193,3126,6.2,-1.08,15,9,20,-0.12,,,,,,92772,26837,3.5,-1.57,222,1184,19,9,29,-0.47,10,14.8,-0.06,10,140,-0.48,33,96,66,135,0.81,,,,,,,,,,,,,,,,9.1,-0.80,No,-0.57,5,3,7,4,2,7,0,0,1,1,0,1,-1.97,80,68,93,-0.46,,,,,,,,,,,,,,,,2809,28,21,35,-0.52
17171,Illinois,Scott,,71,6660,4068,10286,-0.68,,,,,,,,,,,,,,,,,,,,,18,16,20,-0.27,4.0,3.8,4.3,0.14,4.9,4.6,5.2,0.56,,8,5,11,0.27,,,,,,,,,,,,,,,,21,18,23,0.51,35,33,37,-0.26,6.7,1.50,28,25,30,-0.01,14,1.98,23,22,24,0.21,1,6,17,1,43,-0.95,17,343.4,-0.17,19,12,30,-0.39,,,,,,,,,,,,,,,,226,6,5,7,-1.22,,,,0.00,1,20,4950:1,0.96,,,,0.00,4424,0.02,,,,,,49,-1.18,,,,,,43,0.12,,,,,,3355,3573,94,92,96,-1.21,617,1080,57,45,70,0.75,155,2349,6.6,-0.80,17,11,23,0.39,,,,,,107550,26105,4.1,-0.51,266,1061,25,16,34,0.42,7,14.1,0.07,1,28,-1.04,23,92,59,139,0.60,,,,,,,,,,,,,,,,9.0,-1.00,No,-0.57,9,6,12,7,4,10,2,0,4,1,0,2,-0.84,83,82,85,0.29,,,,,,,,,,,,,,,,2321,33,27,40,-0.01
17173,Illinois,Shelby,,300,6661,5342,7981,-0.68,,,,,,,,,,,,,,,,,,,,,18,16,20,-0.27,4.0,3.7,4.3,0.06,4.9,4.5,5.2,0.48,,7,6,8,-0.52,,,,,,,,,,,,,,,,21,18,24,0.55,36,34,38,-0.03,8.3,-0.43,28,25,31,0.08,39,0.82,23,22,25,0.73,6,20,30,18,42,0.05,57,263.5,-0.54,23,19,28,0.02,,,,,,,,,,,,,,,,1004,6,5,7,-0.89,7,32,3091:1,0.52,6,28,3550:1,0.69,8,38,2662:1,1.00,4291,-0.10,,,,,,45,-0.24,,,,,,50,-0.79,,,,,,14489,15517,93,92,95,-1.03,2911,4695,62,55,69,0.13,660,10256,6.4,-0.91,12,7,17,-0.61,,,,30,9,100138,26552,3.8,-1.07,789,4654,17,12,22,-0.73,35,16.2,-0.34,9,52,-0.92,93,86,69,105,0.24,,,,,,,,,,,,,,,,9.7,0.39,No,-0.57,10,7,12,8,6,10,2,0,3,1,0,1,-0.47,87,85,90,1.28,,,,,,,,,,,,,,,,10310,35,31,38,0.09
17175,Illinois,Stark,,89,8333,5622,11896,0.24,,,,,,,,,,,,,,,,,,,,,19,16,21,0.18,4.2,3.9,4.5,0.53,5.0,4.7,5.3,0.74,,7,4,9,-0.99,,,,,,,,,,,,,,,,21,18,24,0.64,36,34,38,0.11,6.5,1.74,29,26,32,0.48,14,1.98,22,21,24,-0.09,4,9,44,26,60,1.13,13,243.4,-0.63,18,11,27,-0.54,,,,,,,,,,,,,,,,293,7,6,8,0.05,1,19,5342:1,0.99,1,19,5262:1,1.00,,,,0.00,2934,-1.38,,,,,,40,0.94,,,,,,46,-0.27,,,,,,3435,3839,89,87,92,0.25,648,1135,57,47,67,0.76,173,2373,7.3,-0.33,15,10,21,0.03,,,,11,28,97844,22306,4.4,-0.09,172,1154,15,6,24,-1.02,11,20.6,-1.23,2,41,-0.97,29,106,71,153,1.41,,,,,,,,,,,,,,,,9.5,-0.01,No,-0.57,10,7,13,9,5,12,1,0,2,1,0,2,-0.46,82,77,87,-0.03,,,,,,,,,,,,,,,,2433,44,37,51,0.96
17177,Illinois,Stephenson,,680,8224,7191,9258,0.18,,,,,,,,,14066,10567,18353,,,,,,7700,6567,8833,,18,16,20,0.08,4.1,3.8,4.3,0.20,4.8,4.5,5.1,0.27,,9,8,10,1.02,,,,,,,14,11,17,7,4,10,8,7,9,19,17,22,-0.04,37,36,39,0.65,8.5,-0.67,28,26,31,0.34,53,0.19,23,22,24,0.15,10,25,40,30,50,0.79,270,606.8,1.04,26,23,30,0.39,,,,,,,50,40,62,67,47,92,17,14,20,2211,7,6,8,-0.46,19,43,2342:1,0.16,23,52,1906:1,-0.16,104,237,421:1,-0.24,3492,-0.86,,,5846,4900,3121,36,1.88,,,25,42,37,50,-0.79,,42,35,40,51,29227,31749,92,91,93,-0.60,6047,9181,66,60,71,-0.35,1546,21106,7.3,-0.31,17,11,24,0.37,,,51,32,14,98192,20669,4.8,0.49,3037,9568,32,26,38,1.36,68,15.3,-0.16,56,128,-0.54,244,109,95,123,1.55,,,,,,,116,78,165,,,,112,97,127,9.3,-0.40,Yes,1.75,12,10,14,10,8,12,1,0,1,2,1,2,0.21,79,77,81,-0.84,,,,,,,66,53,79,67,54,80,80,77,83,20313,28,24,31,-0.55
17179,Illinois,Tazewell,,1779,6821,6297,7345,-0.59,,,,,,,,,,,,,,,,,,,,,16,14,18,-1.22,3.7,3.4,4.0,-0.98,4.6,4.2,4.9,-0.56,,6,6,7,-1.39,,,,,,,10,5,14,8,4,12,6,6,7,18,15,21,-0.64,33,31,35,-1.44,8.1,-0.19,24,21,27,-1.51,80,-1.07,23,22,24,0.07,8,44,18,11,27,-0.84,363,275.4,-0.48,19,17,20,-0.45,,,,,,,38,24,58,10,5,19,19,17,21,5767,6,5,6,-1.39,63,48,2092:1,-0.02,74,57,1767:1,-0.30,269,206,486:1,-0.05,3506,-0.84,,,,,,46,-0.47,,42,,35,46,55,-1.44,,48,55,56,55,86553,92898,93,92,94,-0.97,22882,32910,70,66,73,-0.82,5029,61977,8.1,0.22,9,6,13,-1.11,,7,29,8,9,119426,30473,3.9,-0.83,5196,29968,17,14,20,-0.67,184,14.0,0.10,309,241,0.02,432,65,59,71,-0.95,,,,,,,,,,,,,,,,10.3,1.59,Yes,1.75,9,8,10,7,6,8,1,1,2,1,1,2,-0.86,85,84,87,0.79,,,,71,61,81,82,74,91,74,64,85,85,84,86,61132,23,21,25,-0.97
17181,Illinois,Union,,320,9241,7604,10878,0.75,,,,,,,,,,,,,,,,,,,,,20,17,23,0.87,4.3,3.9,4.6,0.86,4.9,4.6,5.3,0.66,,7,5,8,-0.91,,,,,,,,,,,,,,,,21,18,24,0.60,37,35,38,0.29,7.8,0.17,30,26,33,0.83,54,0.15,22,21,23,-0.81,8,20,40,28,51,0.79,45,270.2,-0.51,25,20,31,0.27,,,,,,,,,,,,,,,,1080,8,7,10,1.10,12,72,1388:1,-0.85,10,61,1650:1,-0.44,28,170,589:1,0.18,4379,-0.02,,,,,,46,-0.47,,,,,,50,-0.79,,,36,54,51,10813,12122,89,87,91,0.34,2205,3919,56,48,64,0.86,582,7192,8.1,0.21,19,11,26,0.63,,,68,38,19,98677,20692,4.8,0.52,690,3577,19,14,25,-0.40,23,13.8,0.13,35,212,-0.12,72,86,67,108,0.21,,,,,,,,,,,,,,,,9.3,-0.40,No,-0.57,12,9,15,9,7,11,3,1,5,1,0,1,0.33,82,78,86,-0.07,,,,,,,,,,,,,,,,6833,46,39,53,1.19
17183,Illinois,Vermilion,,1453,10716,9838,11595,1.56,,,,,,,,,18167,15264,21070,,,,,,9568,8641,10494,,21,19,24,1.52,4.4,4.2,4.7,1.24,5.0,4.8,5.3,0.88,,11,10,12,2.52,,,,,,,18,16,19,6,4,9,9,8,10,22,19,24,0.94,39,38,41,1.47,7.4,0.65,31,29,34,1.54,63,-0.27,21,20,22,-1.29,23,55,42,35,48,0.93,559,737.9,1.65,42,39,45,2.15,,,,,,,65,56,74,47,36,59,35,32,38,3829,7,6,8,-0.43,29,38,2612:1,0.31,30,40,2495:1,0.27,250,334,299:1,-0.84,6742,2.21,,,10492,,6471,43,0.23,,31,42,42,43,35,1.16,,41,24,25,36,46975,52408,90,89,91,0.20,9138,17986,51,47,54,1.55,2871,32542,8.8,0.70,29,22,36,2.62,,6,64,29,20,92675,20346,4.6,0.18,6114,18095,34,29,38,1.65,106,14.0,0.10,549,705,2.32,388,101,91,111,1.10,,,,,,,157,126,193,81,46,131,94,83,104,9.2,-0.60,Yes,1.75,12,11,14,10,9,12,2,1,2,1,0,1,0.35,83,81,85,0.26,,,,,,,78,69,87,78,65,91,84,83,86,31071,24,22,26,-0.90
17185,Illinois,Wabash,,166,7622,5697,9548,-0.15,,,,,,,,,,,,,,,,,,,,,18,15,20,-0.32,4.0,3.7,4.3,0.01,4.8,4.5,5.1,0.18,,8,7,10,0.41,,,,,,,,,,,,,,,,20,17,22,0.00,36,34,38,-0.03,8.3,-0.43,27,24,30,-0.27,61,-0.19,23,22,24,0.35,2,6,33,11,55,0.30,31,269.1,-0.51,28,22,36,0.65,,,,,,,,,,,,,,,,606,7,6,8,-0.32,5,43,2304:1,0.14,5,45,2238:1,0.11,35,313,320:1,-0.71,4318,-0.08,,,,,,43,0.23,,,,,,38,0.77,,,,,,7449,8129,92,90,93,-0.46,1815,2569,71,60,81,-0.96,476,5718,8.3,0.36,14,8,19,-0.25,,,,,,101463,20456,5.0,0.83,682,2490,27,16,39,0.75,23,20.0,-1.10,18,157,-0.40,38,66,47,91,-0.88,,,,,,,,,,,,,,,,9.5,-0.01,No,-0.57,9,7,12,7,5,10,1,0,2,2,0,3,-0.63,85,81,89,0.67,,,,,,,,,,,,,,,,5226,25,20,29,-0.83
17187,Illinois,Warren,,255,7880,6262,9499,-0.01,,,,,,,,,,,,,,,,,,,,,19,16,21,0.23,4.0,3.7,4.2,-0.08,4.6,4.3,4.9,-0.29,,7,5,8,-1.07,,,,,,,15,7,22,5,2,9,6,5,8,19,16,21,-0.34,37,35,38,0.38,8.5,-0.67,28,26,31,0.17,54,0.11,22,21,23,-0.58,5,16,31,18,45,0.14,43,255.3,-0.58,18,14,22,-0.52,,,,,,,,,,18,9,33,17,13,21,1059,8,7,10,1.20,7,42,2406:1,0.20,6,36,2783:1,0.42,4,24,4174:1,1.08,3651,-0.71,,,,,,46,-0.47,,,,50,46,36,1.03,,36,,21,37,9776,11108,88,86,90,0.74,2291,3648,63,54,71,0.03,498,8085,6.2,-1.09,14,9,19,-0.19,87,,,27,18,100474,26875,3.7,-1.12,1011,3698,27,19,36,0.74,21,12.5,0.40,41,231,-0.03,54,63,48,83,-1.05,,,,,,,,,,,,,,,,9.3,-0.40,No,-0.57,11,8,14,7,5,9,4,2,6,1,0,1,-0.09,80,76,84,-0.56,,,,,,,,,,64,45,84,80,75,85,7760,22,18,26,-1.10
17189,Illinois,Washington,,167,6343,4745,7941,-0.85,,,,,,,,,,,,,,,,,,,,,15,13,18,-1.37,3.7,3.4,4.0,-0.97,4.6,4.2,5.0,-0.38,,6,5,8,-1.14,,,,,,,,,,,,,,,,18,15,21,-0.51,34,32,36,-0.98,8.9,-1.15,25,22,27,-1.33,35,0.99,25,23,26,1.64,13,32,41,32,49,0.84,32,230.4,-0.69,20,15,25,-0.36,,,,,,,,,,,,,,,,611,6,5,6,-1.31,2,14,6944:1,1.13,4,29,3441:1,0.66,22,160,626:1,0.24,2215,-2.06,,,,,,45,-0.24,,,,,,47,-0.40,,,,,,9266,10111,92,90,93,-0.46,2345,3225,73,65,81,-1.22,504,9576,5.3,-1.70,9,6,13,-1.15,,,,47,7,110095,29161,3.8,-1.06,569,2927,19,15,24,-0.38,33,23.8,-1.87,46,332,0.47,68,97,76,123,0.89,,,,,,,,,,,,,,,,9.1,-0.80,No,-0.57,9,7,11,7,5,9,2,1,3,1,0,1,-0.60,87,84,89,1.08,,,,,,,,,,,,,,,,6847,36,31,40,0.19
17191,Illinois,Wayne,,261,8860,7122,10598,0.54,,,,,,,,,,,,,,,,,,,,,19,16,22,0.33,4.2,3.9,4.5,0.67,5.0,4.7,5.3,0.93,,8,7,9,0.04,,,,,,,,,,,,,,,,22,18,25,0.85,37,35,39,0.29,7.6,0.41,29,25,32,0.43,30,1.24,22,21,24,-0.09,6,15,40,26,53,0.79,41,252.9,-0.59,34,28,41,1.30,,,,,,,,,,,,,,,,1054,8,7,10,1.16,7,43,2316:1,0.14,4,25,4008:1,0.80,21,131,763:1,0.42,2073,-2.20,,,,,,41,0.70,,,,,,47,-0.40,,,,,,10083,11530,87,85,90,0.92,2156,3674,59,51,66,0.55,565,6795,8.3,0.36,19,12,26,0.70,,,92,69,17,88941,22334,4.0,-0.73,534,3678,15,10,19,-1.07,42,25.9,-2.30,44,283,0.23,78,96,76,119,0.79,,,,,,,,,,,,,,,,9.4,-0.21,No,-0.57,10,8,12,6,4,8,2,1,3,3,1,4,-0.43,83,79,87,0.19,,,,,,,,,,,,,,,,7140,31,27,35,-0.26
17193,Illinois,White,,262,9125,7285,10966,0.68,,,,,,,,,,,,,,,,,,,,,19,16,22,0.33,4.3,4.0,4.6,0.81,5.1,4.7,5.4,1.01,,9,7,11,0.94,,,,,,,,,,,,,,,,22,18,25,0.85,36,34,38,0.20,8.2,-0.31,28,25,31,0.30,7,2.30,22,21,23,-0.37,2,14,14,3,31,-1.13,17,125.6,-1.17,37,30,45,1.57,,,,,,,,,,,,,,,,749,7,6,8,0.05,4,30,3384:1,0.61,7,52,1909:1,-0.15,16,120,835:1,0.49,5532,1.07,,,,,,41,0.70,,,,,,43,0.12,,,,,,8985,9889,91,89,93,-0.20,1967,3089,64,55,72,-0.08,466,6137,7.6,-0.13,20,14,27,0.97,,,,,,90109,19071,4.7,0.45,658,2885,23,16,30,0.10,37,27.3,-2.59,24,278,0.20,71,103,81,130,1.22,,,,,,,,,,,,,,,,9.4,-0.21,No,-0.57,11,8,13,8,6,11,1,0,2,1,0,2,-0.19,87,84,90,1.21,,,,,,,,,,,,,,,,5857,35,29,40,0.09
17195,Illinois,Whiteside,,834,7282,6439,8125,-0.34,,,,,,,,,,,,,4710,3262,6582,,7280,6345,8215,,18,16,21,0.13,3.9,3.6,4.2,-0.26,4.6,4.3,4.9,-0.43,,6,5,7,-1.61,,,,,,,,,,4,2,6,6,5,7,19,16,21,-0.39,36,34,37,0.01,8.2,-0.31,27,24,30,-0.27,59,-0.09,24,23,25,0.89,6,27,22,12,33,-0.54,286,518.4,0.63,26,23,29,0.38,,,,,,,37,21,62,23,17,30,27,23,30,2895,7,6,8,-0.29,31,56,1780:1,-0.31,25,46,2186:1,0.08,80,146,683:1,0.32,3568,-0.79,,,,3714,3512,40,0.94,,23,38,35,40,46,-0.27,,16,28,39,47,35723,39106,91,90,92,-0.37,7702,12273,63,58,68,0.04,2212,27673,8.0,0.14,14,8,19,-0.27,,,16,26,11,105647,26142,4.0,-0.64,3011,12249,25,21,28,0.35,83,15.0,-0.12,106,191,-0.23,194,70,60,80,-0.69,,,,,,,,,,,,,,,,9.6,0.19,Yes,1.75,9,8,11,8,7,10,1,0,2,1,0,1,-0.61,83,81,85,0.26,,,,,,,,,,79,70,87,85,82,88,25730,21,18,23,-1.21
17197,Illinois,Will,,7071,6107,5892,6322,-0.98,,,,,2827,2185,3469,,9698,8912,10485,,4443,4033,4854,,6152,5877,6428,,16,14,18,-1.17,3.3,3.1,3.6,-1.99,4.0,3.7,4.2,-2.39,,8,7,8,-0.25,,,,10,8,11,14,13,14,7,6,7,6,6,7,14,12,16,-2.26,33,32,34,-1.44,9.1,-1.39,26,24,28,-0.63,91,-1.57,21,20,21,-1.69,85,278,31,28,34,0.09,3102,449.1,0.32,11,10,11,-1.33,,,,2,1,3,22,20,24,19,17,20,6,6,7,40663,7,6,7,-0.19,374,54,1847:1,-0.24,405,59,1701:1,-0.37,1012,147,681:1,0.32,5265,0.82,,3173,8859,4840,4956,43,0.23,,36,44,35,44,49,-0.66,73,49,36,38,51,416344,454786,92,91,92,-0.43,121824,174941,70,68,71,-0.83,32572,344335,9.5,1.13,9,7,11,-1.17,3,4,24,15,5,158590,41150,3.9,-0.94,30654,171381,18,17,19,-0.60,467,6.8,1.55,1104,163,-0.37,1876,54,52,57,-1.57,,,,17,12,24,66,59,74,33,28,37,62,58,65,10.1,1.19,No,-0.57,14,13,14,12,11,12,2,2,2,1,0,1,0.78,81,80,81,-0.36,76,55,97,72,67,77,75,72,77,80,79,82,82,81,83,346830,50,49,51,1.55
17199,Illinois,Williamson,,1032,7379,6639,8118,-0.28,,,,,,,,,11023,7678,15330,,,,,,7286,6508,8063,,18,15,20,-0.32,3.9,3.7,4.2,-0.15,4.7,4.4,5.1,0.00,,9,8,10,0.77,,,,,,,13,9,16,,,,9,8,9,19,17,23,-0.04,36,35,38,0.15,7.1,1.01,28,25,31,0.21,67,-0.49,22,21,23,-0.43,16,57,28,21,35,-0.10,296,444.5,0.29,26,23,28,0.33,,,,,,,35,23,50,,,,26,23,29,3504,7,6,8,-0.31,59,89,1129:1,-1.42,40,60,1660:1,-0.42,194,292,342:1,-0.58,6108,1.61,,,7883,8678,6066,47,-0.71,,,42,50,47,41,0.38,,,37,46,41,44118,47751,92,91,93,-0.71,11917,17488,68,63,73,-0.64,2739,31533,8.7,0.61,18,12,24,0.52,,10,66,38,16,104616,21731,4.8,0.60,4076,14590,28,24,32,0.82,125,18.8,-0.86,40,63,-0.86,267,80,70,89,-0.12,,,,,,,91,52,148,,,,82,71,92,9.5,-0.01,No,-0.57,12,10,13,11,9,12,1,1,2,1,0,1,0.22,83,81,85,0.24,,,,,,,81,71,91,,,,85,83,87,29203,27,24,30,-0.61
17201,Illinois,Winnebago,,4576,9701,9278,10125,1.00,,,,,4098,2677,6005,,16258,14845,17671,,6485,5579,7392,,9118,8614,9623,,20,18,22,1.02,4.1,3.8,4.3,0.30,4.7,4.4,4.9,-0.25,,9,9,9,0.82,,,,9,7,11,15,14,16,7,6,8,7,7,8,18,16,20,-0.51,38,37,39,0.97,7.8,0.17,31,28,33,1.31,86,-1.34,22,21,22,-0.87,53,145,37,32,41,0.54,2211,782.5,1.85,27,25,28,0.44,,,,15,10,21,50,46,54,32,28,35,18,17,20,18485,8,7,9,0.88,212,75,1333:1,-0.95,239,85,1177:1,-1.28,598,213,470:1,-0.09,4406,0.01,,4798,8125,4054,4036,43,0.23,,37,38,32,44,50,-0.79,58,47,33,41,51,170036,193630,88,87,89,0.80,41597,68992,60,58,63,0.35,15506,135759,11.4,2.44,20,15,25,0.91,6,16,54,32,13,108307,23383,4.6,0.30,21307,66277,32,30,35,1.42,282,10.0,0.90,2523,887,3.22,1453,102,97,108,1.17,,,,42,25,67,141,124,157,52,42,63,107,100,113,9.8,0.59,Yes,1.75,15,14,16,13,12,14,2,2,2,1,1,1,1.29,82,81,83,-0.04,,,,79,72,85,79,76,82,78,75,82,85,84,86,129036,24,22,25,-0.94
17203,Illinois,Woodford,,417,6640,5593,7687,-0.69,,,,,,,,,,,,,,,,,,,,,14,12,16,-2.12,3.4,3.1,3.7,-1.79,4.3,4.0,4.7,-1.22,,6,5,7,-1.21,,,,,,,,,,,,,,,,16,13,19,-1.37,32,30,34,-1.76,8.9,-1.15,23,20,26,-2.13,58,-0.04,24,23,25,1.31,9,27,33,23,43,0.30,90,234.0,-0.68,10,8,13,-1.38,,,,,,,,,,,,,,,,1746,6,5,6,-1.25,19,49,2024:1,-0.07,7,18,5442:1,1.03,13,34,2930:1,1.02,3340,-1.00,,,,,,47,-0.71,,,,,,50,-0.79,,,,,,24591,26014,95,93,96,-1.41,6754,8838,76,70,83,-1.69,1095,18012,6.1,-1.15,7,4,9,-1.60,,,2,2,5,142016,34742,4.1,-0.57,1285,9303,14,10,18,-1.17,58,15.1,-0.12,25,73,-0.81,115,60,49,71,-1.27,,,,,,,,,,,,,,,,10.0,0.99,No,-0.57,9,7,11,8,6,10,1,0,2,1,0,1,-0.76,85,83,87,0.65,,,,,,,,,,,,,,,,18309,30,27,33,-0.33
